sequence	lib	MMcount	wt.omega	e80a.omega	k88n.omega	r90w.omega	wt.ln.omega	e80a.ln.omega	k88n.ln.omega	r90w.ln.omega
TAATAAAATTA	P3TAAT	3	0.3791053944155962	0.5917733007081182	0.7465220889560199	0.6038441108657884	-0.9699410270290472	-0.5246316554306518	-0.2923300724125103	-0.5044392089525291
TAATAATATTA	P3TAAT	2	0.6801990358995808	0.6350995323373546	2.1653411063440604	0.7436081978664488	-0.3853698237879048	-0.4539735485341236	0.772577903937315	-0.2962409986307327
TAATAAGATTA	P3TAAT	3	1.8790598975540016	0.9676274800098444	3.4917119985280656	1.6578213353274984	0.6307715972803618	-0.03290810047401054	1.2503921599278147	0.5055042917555822
TAATAACATTA	P3TAAT	3	1.547776421672914	1.284895922478159	2.7490972076646227	2.692749315906993	0.4368193342926004	0.25067772088655643	1.0112725696581826	0.9905627221987587
TAATATAATTA	P3TAAT	3	0.3406441286289118	0.4701572707986665	1.6426542295855584	0.3811776584371808	-1.0769169576987219	-0.754688021529824	0.4963133662594214	-0.9644897174265066
TAATATTATTA	P3TAAT	2	0.8895097954161612	0.6529859607898518	2.8997902792066483	0.82567516408523	-0.11708475966463772	-0.42619964949294753	1.0646384168624419	-0.1915538466289885
TAATATGATTA	P3TAAT	3	1.6492843132320096	0.7156895570904505	3.2011821918554757	1.167240808545492	0.500341444259582	-0.33450878552686497	1.1635201765362266	0.15464268038555354
TAATATCATTA	P3TAAT	3	1.7521342142419951	1.0368916142028108	2.857178422413689	2.001706859598291	0.5608345958825954	0.036227405176271446	1.0498345722659952	0.6940002463949437
TAATAGAATTA	P3TAAT	3	0.5019896805290396	0.5508153712540792	1.083520259464281	0.5267700582801155	-0.6891757162167607	-0.5963556053745521	0.0802152399867787	-0.6409911477060544
TAATAGTATTA	P3TAAT	2	1.5637763163195026	0.6132106542530399	2.098369627763174	1.307602410600368	0.4471036116386748	-0.4890467572935403	0.7411606754680525	0.26819523939663226
TAATAGGATTA	P3TAAT	3	2.702644502799539	0.7373400993276167	4.464690242097204	1.8965650315875808	0.9942307391478373	-0.3047060287468457	1.4961998372516494	0.6400443718766502
TAATAGCATTA	P3TAAT	3	2.213210847572153	0.7961243752723841	3.203989240436246	2.4965528388334217	0.7944443333365806	-0.22799985500137623	1.1643966710345084	0.9149109158991471
TAATACAATTA	P3TAAT	2	0.508624129684234	0.7648147720104588	1.1117854892649508	0.735964962367244	-0.6760459837765487	-0.2681216025642435	0.10596727188248842	-0.3065727668657257
TAATACTATTA	P3TAAT	1	1.1085386628841298	0.6140914887415578	1.9081350770106733	1.1326994734822748	0.1030426280263199	-0.48761135746997936	0.6461263655992107	0.12460369839019914
TAATACGATTA	P3TAAT	2	1.86278250014172	0.9121283177047924	3.9997591323592103	1.4755593384630004	0.6220713376980839	-0.09197459956730408	1.3862341423965823	0.38903713042617694
TAATACCATTA	P3TAAT	2	1.6355322545356423	1.4553715155531306	4.987869146916065	2.014034222834129	0.4919682893155265	0.37526120518039174	1.607008793896311	0.7001397866217762
TAATTAAATTA	P3TAAT	3	0.4298048200283215	0.9820054814255444	1.2182258237722785	1.046249164448866	-0.8444240802523347	-0.018158388743510147	0.19739555749820836	0.04521154420604735
TAATTATATTA	P3TAAT	2	0.463585271464709	0.7428548313146767	2.272758239253676	0.6044658688503115	-0.7687649379420325	-0.29725463516455436	0.8209941772486244	-0.5034100723074015
TAATTAGATTA	P3TAAT	3	1.010994030068685	0.8881421575273954	3.4424334733245976	0.6444161065545558	0.010934035044327266	-0.11862346149694679	1.2361786263285224	-0.4394106333384265
TAATTACATTA	P3TAAT	3	0.8580391533058351	1.57672170772805	3.1106339834036043	2.231721313095152	-0.15310554731175458	0.45534782299049115	1.1348265586003443	0.8027731769990459
TAATTTAATTA	P3TAAT	3	0.5427996977602014	0.9392301408835804	1.8917257623179944	0.9433745957526144	-0.611014907837714	-0.06269473834106819	0.6374895142032896	-0.05829183688906664
TAATTTTATTA	P3TAAT	2	0.7095365671108124	0.8954715751399148	2.547996421731763	0.910157501119424	-0.3431432444419077	-0.11040479987246392	0.9353073333650388	-0.09413761629432374
TAATTTGATTA	P3TAAT	3	0.7252187178659193	0.7133986845707846	2.4226771984192466	0.57919826210802	-0.3212819898086066	-0.3377148499463677	0.8848732090299681	-0.5461104384192412
TAATTTCATTA	P3TAAT	3	0.8672061317051444	1.266795571424237	2.276296191264443	1.5572382645965657	-0.14247857762855098	0.23649053980020057	0.8225496445564523	0.4429139091446345
TAATTGAATTA	P3TAAT	3	0.7568657117886552	0.9235220616281716	1.6038109206200133	1.0254727830007175	-0.27856943654046057	-0.07956059048019044	0.4723826225832299	0.02515375795451914
TAATTGTATTA	P3TAAT	2	0.7712666809983653	0.7959727197595644	2.114036093341176	0.9412394302840348	-0.25972107547343065	-0.22819036538387943	0.7485989607844036	-0.060557729376997
TAATTGGATTA	P3TAAT	3	1.789453207637972	0.8256259437584026	3.7402173048194816	1.3567741956357884	0.5819101025937067	-0.19161346062259413	1.3191437126314425	0.30510996732791057
TAATTGCATTA	P3TAAT	3	0.8982075123071636	0.8668744017591246	3.840855254972976	1.215551264521527	-0.10735415462804485	-0.14286117802532003	1.3456950644498409	0.1951976895502645
TAATTCAATTA	P3TAAT	2	0.6235239168103848	1.0050112521764294	1.4362494221443176	0.9299369294292092	-0.4723681556396168	0.0049987376438142776	0.36203514784432805	-0.0726385129526222
TAATTCTATTA	P3TAAT	1	0.5377464386426615	0.6905397124407724	1.7879518192006032	0.4711339504711267	-0.6203681335569968	-0.37028179520037374	0.5810707296324373	-0.7526128294938412
TAATTCGATTA	P3TAAT	2	0.8369291048407856	0.7005519173824171	4.157067650908722	0.4990972113751959	-0.17801591358447444	-0.3558868012013777	1.424809934111793	-0.6949543898289429
TAATTCCATTA	P3TAAT	2	1.6053233071251298	1.785918523025571	4.737875159155281	2.1619197534801797	0.4733251737573181	0.579932861607181	1.5555887565408457	0.7709966017289943
TAATGAAATTA	P3TAAT	2	0.6834557872056218	1.0061230292435617	1.2921567996449572	1.4404449820051155	-0.38059331078362135	0.006104359670803267	0.25631275995094516	0.36495208113385114
TAATGATATTA	P3TAAT	1	1.8520872147931648	1.087470769351671	3.356335046045356	2.2188638217296908	0.6163132273361152	0.08385460486237768	1.210849618557826	0.7969952728603007
TAATGAGATTA	P3TAAT	2	2.83884568923467	1.2183752250243995	3.575432798582107	2.569355382336414	1.0433975220983793	0.19751818836745308	1.2740862313589425	0.9436550434519163
TAATGACATTA	P3TAAT	2	2.134217790825715	1.8193321535151457	2.7559758667528764	3.945980221779256	0.7581002052286111	0.5984694851285335	1.0137715964922005	1.3726973953677042
TAATGTAATTA	P3TAAT	2	0.9746191258981568	1.2030264279158012	3.368338319546808	1.575224289435583	-0.025708524408466386	0.18484040509355318	1.2144195425070543	0.45439766812967214
TAATGTTATTA	P3TAAT	1	2.5906731116452044	1.4377900161378965	5.16510763379761	3.778408332229095	0.9519177306123391	0.36310722369729964	1.6419259414246767	1.3293028448241795
TAATGTGATTA	P3TAAT	2	3.317492416715836	1.3142085015309248	4.464132678051828	2.9478886812471057	1.1992092013786095	0.27323458443873505	1.4960749464231302	1.0810892128431389
TAATGTCATTA	P3TAAT	2	2.6583651206926304	1.6968132187766105	3.783063673077296	4.276669067650408	0.9777113175586285	0.528751914653249	1.3305341768804586	1.4531744513740263
TAATGGAATTA	P3TAAT	2	2.0341185611509003	1.878549713269724	5.745692090216236	2.458808804126684	0.7100625855789693	0.6305000500254564	1.7484503723158848	0.8996770067042562
TAATGGTATTA	P3TAAT	1	2.99605581690342	1.7265796388171133	9.123084498836068	2.5813258859798025	1.0972966959565347	0.5461423641035759	2.210807959496928	0.9483031762218659
TAATGGGATTA	P3TAAT	2	5.623228780583145	1.4170356923720526	13.838982773014203	3.07761637672989	1.7269060150523947	0.3485671490801299	2.6274894484286677	1.124155393708326
TAATGGCATTA	P3TAAT	2	2.23648264221468	1.5110418140808817	11.278948426585742	2.421090192866449	0.8049043827225663	0.41279935602543333	2.4229380171307677	0.8842179316471445
TAATGCAATTA	P3TAAT	1	0.7116143666312802	0.9912839527716332	2.9114802236243333	1.240842703630434	-0.34021913419908995	-0.008754254138841613	1.0686616197678755	0.21579074849560326
TAATGCTATTA	P3TAAT	0	1.916879274778992	0.8484001378322024	4.379032016922176	2.712076035308202	0.6506984859609667	-0.1644028938302811	1.4768276992614013	0.9977144063031991
TAATGCGATTA	P3TAAT	1	3.0408428345567127	1.2445068876122307	6.867057788020077	2.614217462902096	1.1121347252013927	0.2187393772515211	1.926735744925699	0.960964803364636
TAATGCCATTA	P3TAAT	1	1.6147122078469491	1.4900207502202358	7.996399618142197	2.271542704696329	0.47915674131963354	0.39879004618270336	2.078991392645735	0.8204592062591018
TAATCAAATTA	P3TAAT	3	0.4159168090026719	0.6683442752572525	1.21379895220069	0.478125369352284	-0.8772700170781738	-0.4029518560876074	0.1937550711804002	-0.7378823019001262
TAATCATATTA	P3TAAT	2	1.285241404275948	0.6649600069541782	3.003912229543518	0.9999426589059738	0.25094656395285747	-0.4080283800532893	1.09991551561336	-5.734273808960041e-05
TAATCAGATTA	P3TAAT	3	1.819754824658497	0.6746595449021862	3.365818123262606	0.8701758306650367	0.5987017802881639	-0.3935470932736258	1.2136710608157655	-0.1390599835411269
TAATCACATTA	P3TAAT	3	1.84742624561088	1.2124788374565976	3.088388884021801	2.238533614133894	0.6137934518584388	0.19266689003314136	1.1276495581783998	0.8058210149515146
TAATCTAATTA	P3TAAT	3	0.5762006614950514	0.6663030676726456	3.175785862715788	0.4074746521266488	-0.5512993083020808	-0.40601065538305314	1.1555551175336654	-0.8977765516061165
TAATCTTATTA	P3TAAT	2	2.690115144275389	1.061689583215781	5.210828258999221	2.312937724090912	0.9895839972610002	0.05986158556963019	1.650738817986009	0.8385184585854583
TAATCTGATTA	P3TAAT	3	1.9852632901682965	0.7621652331252095	3.516213840512433	0.9675424539448388	0.685751545226535	-0.271591905430517	1.2573847972318857	-0.03299597499455619
TAATCTCATTA	P3TAAT	3	2.2253189906103343	1.2068422981306417	3.9592379865941263	2.0551915813063246	0.7999002719086419	0.18800727751505597	1.376051579122072	0.7203690705158927
TAATCGAATTA	P3TAAT	3	0.9944244760011224	0.6990566123316031	3.8432206814843854	0.5953282664834526	-0.005591125249932605	-0.35802354956778676	1.346310734207841	-0.5186423171960689
TAATCGTATTA	P3TAAT	2	2.7937186679504715	1.0278486446465207	5.988585026324297	2.1220797243030725	1.0273735642655675	0.027467923359031816	1.7898551615720253	0.7523966098456437
TAATCGGATTA	P3TAAT	3	2.8745228041896147	0.9594764134157526	6.394431360606844	1.4408695865965635	1.0558866793214796	-0.04136754599832903	1.855427511703803	0.36524681090695443
TAATCGCATTA	P3TAAT	3	2.72442466296074	1.1145695330021863	6.484676245273904	2.9194970031299863	1.0022572729650836	0.10846826131190214	1.8694418928944103	1.0714113422398104
TAATCCAATTA	P3TAAT	2	0.7151992450104009	0.748323358707922	2.189969563225067	0.9410182154358224	-0.3351941107576168	-0.2899200966835425	0.7838876456610847	-0.06079278205401376
TAATCCTATTA	P3TAAT	1	2.081132194880793	0.6443271149012693	5.032773331995441	1.687281159680641	0.7329120700843236	-0.4395487394435783	1.6159711904191258	0.523118452202748
TAATCCGATTA	P3TAAT	2	2.2080773432845824	0.606669574385912	5.316571951900806	1.1412361103722706	0.7921221564628553	-0.4997709946470809	1.6708287257145569	0.13211198231389573
TAATCCCATTA	P3TAAT	2	2.300012008715347	1.0804570059985164	8.781843717139132	2.126282632248407	0.8329143441020592	0.07738410533417887	2.172686376164637	0.7543752119345193
TAATAAGAAATTA	P5TAAT	4	0.4000579156084198	0.5974164854765799	0.2824380970596247	0.6270949404964262	-0.9161459533340242	-0.5151407782066181	-1.264295877859787	-0.46665732956262157
TAATAAGATATTA	P5TAAT	3	1.2549647475856351	0.9169922176985922	0.8325301083429592	1.099515760495697	0.22710748261602867	-0.08665629345896667	-0.18328589160378989	0.09486986514886875
TAATAAGAGATTA	P5TAAT	4	0.642556932785066	0.7624327675244992	0.6087108911326921	0.4164190700169629	-0.44229985479989087	-0.2712409481264647	-0.4964118511949925	-0.8760631459389744
TAATAAGACATTA	P5TAAT	4	1.0382285872507957	1.2657377331394946	0.6015352640918719	1.5130644244746347	0.03751597943046978	0.23565514044386632	-0.508270118366739	0.4141370145174262
TAATAAGTAATTA	P5TAAT	4	0.5266708044926842	0.7593930372031247	0.552333233861517	0.596953379041071	-0.6411795850284185	-0.27523580003984177	-0.5936037303175136	-0.5159162606973859
TAATAAGTTATTA	P5TAAT	3	1.0920877690751185	0.993339216129654	0.8182092017754803	0.9552180117410172	0.08809124870376171	-0.0066830658901580265	-0.20063722718552204	-0.04581568000879104
TAATAAGTGATTA	P5TAAT	4	1.1234703780239526	0.8796116766491692	0.6467018855603902	0.6604180979330238	0.11642244649588779	-0.12827474543606213	-0.4358698548690961	-0.41488216280980755
TAATAAGTCATTA	P5TAAT	4	0.8831500733211154	1.2528147607796765	0.4634267529846805	1.1532855692974116	-0.12426013435842069	0.22539282841653419	-0.769106936702335	0.14261488563996538
TAATAAGGAATTA	P5TAAT	4	0.8489113473261434	0.8900782337743759	0.5482130926120093	0.7246763634120438	-0.16380051823349864	-0.11644591700192787	-0.6010912124872806	-0.32203011908523493
TAATAAGGTATTA	P5TAAT	3	1.2580378157808454	1.1667644650219242	0.6944018623272074	0.9371126875179848	0.22955321806559462	0.15423450347560747	-0.36470443371677136	-0.06495173981480003
TAATAAGGGATTA	P5TAAT	4	1.511617636413519	0.8562325663013809	1.0760951839892745	0.7675896332398666	0.4131803598063977	-0.155213250136915	0.07333891878372781	-0.2645000203594543
TAATAAGGCATTA	P5TAAT	4	1.0853575065411745	1.287368876489137	0.9801610884228416	1.1243926352727838	0.08190943183580048	0.2526005048657694	-0.02003834488408923	0.11724301011130743
TAATAAGCAATTA	P5TAAT	3	1.13827602520551	1.2733652370857207	0.4355827770542599	1.2931142266798734	0.1295148591976052	0.24166318893941727	-0.831070427147926	0.2570534382542548
TAATAAGCTATTA	P5TAAT	2	1.152294497977798	1.11988879903815	0.6933692965047061	1.059996562157619	0.14175517020893513	0.11322939380468482	-0.3661925263413721	0.05826566487118725
TAATAAGCGATTA	P5TAAT	3	1.2898090711152874	0.9929272337335068	0.918721309916167	0.6374323572931982	0.2544942005321064	-0.007097896843058259	-0.08477245624480417	-0.4503071137859655
TAATAAGCCATTA	P5TAAT	3	2.0261635999883296	1.8203700915073853	1.0405212178263363	2.194577058438569	0.7061441528073978	0.5990398273985886	0.03972175859590845	0.7859893438785153
TAATATGAAATTA	P5TAAT	4	0.6533848599639774	0.8173230351172153	0.6396355931680898	0.7447346877898519	-0.42558895124374296	-0.20172087044854467	-0.44685665046486045	-0.294727247801718
TAATATGATATTA	P5TAAT	3	1.320063891151755	1.1220130434735545	1.414312023967671	1.0086761650771388	0.2776801378146149	0.11512443223217887	0.34664321071762483	0.008638743451937558
TAATATGAGATTA	P5TAAT	4	1.5399266910970388	1.1204392146102318	1.4724238413952124	0.6676739010361779	0.43173481210872927	0.11372076433596691	0.38690991459159085	-0.40395539674181513
TAATATGACATTA	P5TAAT	4	1.133090297751998	1.3605821261428015	1.284540042378683	1.444103213749335	0.12494867679778225	0.30791264209610125	0.25040071059587843	0.3674885155819723
TAATATGTAATTA	P5TAAT	4	0.9977463064257802	0.8719086944408584	1.2704123082728438	0.7091037647516089	-0.002256236963648508	-0.13707056876546952	0.23934149996572462	-0.343753409489257
TAATATGTTATTA	P5TAAT	3	1.5205317911888887	1.2932471002425074	1.460564069238095	1.1674003986050066	0.41906013629479705	0.25715618767396486	0.37882270989998307	0.15477939523430578
TAATATGTGATTA	P5TAAT	4	1.8335630883152607	1.0849238637610217	1.480649376361694	0.8465788980383341	0.6062611166175408	0.0815098128814496	0.3924807593575302	-0.1665518767453718
TAATATGTCATTA	P5TAAT	4	1.4281125015559235	1.2862213625417218	1.114225896572418	1.2088469394453294	0.35635364341639375	0.2517087436164007	0.10815990063605786	0.18966696266301572
TAATATGGAATTA	P5TAAT	4	1.336777367079944	1.2849459106046857	0.7477711453602882	1.0393557502175128	0.2902617674854223	0.25071662454661003	-0.2906583032222465	0.03860105025718011
TAATATGGTATTA	P5TAAT	3	1.7469571101262316	1.4048922070663126	1.0683309679312425	1.121582452477168	0.5578754802645338	0.3399605788932628	0.06609758759715131	0.11474059209481875
TAATATGGGATTA	P5TAAT	4	2.0795558868081643	1.0310292454230454	1.7798056115249898	1.1284400547902909	0.732154354957836	0.030557570707242205	0.5765041513320416	0.12083619649398109
TAATATGGCATTA	P5TAAT	4	1.2317183789097164	1.1121198074868204	1.0325228697522908	1.0972739487878158	0.20841025043367575	0.10626793057049667	0.03200519548889909	0.09282887553878251
TAATATGCAATTA	P5TAAT	3	1.2555597805675554	1.322732888353784	0.9158770672691624	1.5498701221149471	0.22758151343021887	0.27969996630095223	-0.08787312935247524	0.438171135236489
TAATATGCTATTA	P5TAAT	2	1.9795910698819856	1.347558337978731	1.1040170130765188	1.2734250424574738	0.682890293013478	0.29829431635458853	0.09895535813156209	0.2417101542292132
TAATATGCGATTA	P5TAAT	3	2.4334463187064026	1.7761432629295586	1.5686656857886023	1.2626022278670337	0.8893084907533847	0.5744443073805869	0.4502253763427319	0.2331748514572239
TAATATGCCATTA	P5TAAT	3	1.6250833361701384	1.2803267498986337	1.4332831396905354	1.5686017983642797	0.4855590982637401	0.2471153187131335	0.3599677145976772	0.45018464827306354
TAATAGGAAATTA	P5TAAT	4	0.6508479516246484	0.71734804254404	0.3150164492834509	0.8355297734226605	-0.42947922530570515	-0.33219414117354434	-1.1551304215724547	-0.17968929612660675
TAATAGGATATTA	P5TAAT	3	2.765594384705639	1.2152364966510485	0.8142628937749615	2.651740031059781	1.017255579215941	0.1949387053005775	-0.2054719997961655	0.975216040014753
TAATAGGAGATTA	P5TAAT	4	1.2567628748149924	1.139671141337539	0.7140301180935132	0.5893096137885546	0.2285392680695964	0.1307397482792751	-0.33683013532839673	-0.5288035733589783
TAATAGGACATTA	P5TAAT	4	1.409808823337495	1.2835630646966576	0.4784419652625839	1.4771925209455108	0.34345410891196104	0.24963985506288608	-0.7372203601624072	0.3901433409896217
TAATAGGTAATTA	P5TAAT	4	0.980638047744192	0.8791137813015462	0.7344075602251405	0.7288863650830796	-0.01955185004434753	-0.12884094564505272	-0.3086911453046326	-0.3162374369246742
TAATAGGTTATTA	P5TAAT	3	1.5961161150135337	1.129452879496181	0.7866042768424161	1.1922626272361905	0.46757325014906825	0.12173333803549727	-0.2400299818743475	0.17585286923777588
TAATAGGTGATTA	P5TAAT	4	1.5617546285783854	0.9873510204267754	0.7017120285914871	0.9146028280201086	0.44580995109989924	-0.012729658978795102	-0.354232174799438	-0.08926537567887283
TAATAGGTCATTA	P5TAAT	4	1.3443062014235112	1.1407606061417457	0.5079224160848649	1.2222399341312618	0.2958780445921124	0.13169523829847643	-0.6774265673095818	0.20068518691909093
TAATAGGGAATTA	P5TAAT	4	1.313365556521282	1.2517825425289402	0.5404662546971043	1.0872600622232282	0.2725929697630402	0.22456856951645973	-0.6153230773447947	0.08366082719937423
TAATAGGGTATTA	P5TAAT	3	1.7766316459516096	1.4495331685535418	0.7743186634393889	1.1939386265809195	0.5747192378434803	0.37124155187288366	-0.2557717802516518	0.17725761212578878
TAATAGGGGATTA	P5TAAT	4	1.57925534635499	0.9610292912774976	1.0686061536252711	0.7814983446922512	0.4569534361669057	-0.039750390478954206	0.06635513911120741	-0.24654224723897025
TAATAGGGCATTA	P5TAAT	4	1.2672540477856795	1.1478203415798314	0.6037526495246369	1.2110226605762702	0.2368523925145039	0.13786478876877994	-0.5045906855783803	0.19146517668016844
TAATAGGCAATTA	P5TAAT	3	1.4731207311338692	1.406206523893697	0.4764379844131581	1.3592138358721952	0.387383096873848	0.3408956701504133	-0.7414177124939634	0.306906470747109
TAATAGGCTATTA	P5TAAT	2	2.2852316066626246	1.336454422590461	0.6676272351514525	1.7050570457521612	0.8264673787994019	0.2900201539505976	-0.40402529241325535	0.5335985680949326
TAATAGGCGATTA	P5TAAT	3	2.211896269903524	1.3634183259938588	0.8404253435223031	0.99839183035978	0.7938501883035218	0.30999502124821754	-0.17384715396634304	-0.001609464133044756
TAATAGGCCATTA	P5TAAT	3	1.7382215211985417	1.5310750716234944	1.135685702973786	2.1131414841623237	0.5528624762577389	0.4259701498453766	0.1272366121013352	0.7481756952954071
TAATACGAAATTA	P5TAAT	3	0.388951994817086	0.7583477500116521	0.4724685086420515	0.5129829945839984	-0.9442993496187985	-0.2766132254415264	-0.749784182646052	-0.6675125833198738
TAATACGATATTA	P5TAAT	2	1.071464270305421	0.9074610176750296	0.892088955402883	0.8414749148781481	0.06902618988361368	-0.0971046694957499	-0.11418942558642804	-0.172599075803746
TAATACGAGATTA	P5TAAT	3	0.951489869366132	0.9196916500829748	0.7313025762654265	0.4184818900477024	-0.04972623931666212	-0.08371682807199517	-0.31292798385429677	-0.8711216634711237
TAATACGACATTA	P5TAAT	3	0.7489060954320675	1.1632986700634114	0.7375604674318247	1.0691944323244746	-0.28914167657971757	0.15125965059520513	-0.30440720439106966	0.06690549794066863
TAATACGTAATTA	P5TAAT	3	0.7615022510073334	0.9667743201145012	0.893449653978895	0.662477278516988	-0.2724621506337802	-0.03379019224068255	-0.11266529294402117	-0.41176901828803214
TAATACGTTATTA	P5TAAT	2	1.2767180568416765	1.2076328748965246	1.021719928072305	1.02892563949761	0.24429276711508952	0.1886621418126621	0.021487411242784103	0.02851518941814809
TAATACGTGATTA	P5TAAT	3	1.157685429043273	1.0455233023911	0.9101081016678	0.7094671939172033	0.14642269202549998	0.04451752791277669	-0.0941918934850375	-0.3432410217636734
TAATACGTCATTA	P5TAAT	3	1.1537747853554308	1.3002641991031367	0.5942748820554693	1.1185263998748174	0.14303898903575668	0.26256747389839197	-0.5204133022587693	0.11201210459736788
TAATACGGAATTA	P5TAAT	3	0.8131086382237882	0.902024280587506	0.5751697617372216	0.6861258162367063	-0.2068905520100091	-0.10311384067038692	-0.5530900439550271	-0.37669426248013504
TAATACGGTATTA	P5TAAT	2	1.3317381382013114	1.106823927048438	0.7234571975840783	0.8983050473048375	0.2864849598493135	0.10149458691926001	-0.3237138948761433	-0.10724557203311899
TAATACGGGATTA	P5TAAT	3	1.3198824906742097	0.740239479028271	1.029830183895751	0.5521475456978798	0.277542710419059	-0.30078152482920445	0.0293939186448661	-0.5939399754904912
TAATACGGCATTA	P5TAAT	3	0.7025298871973285	0.9474930310783188	0.6669485389801165	0.8379365841408664	-0.3530673346260722	-0.053935697115064574	-0.40504238899630407	-0.176812856613133
TAATACGCAATTA	P5TAAT	2	0.9848295630456476	1.3292602641242357	0.4905070389097531	1.0783057653588737	-0.015286685222854972	0.28462259511350696	-0.7123156496010868	0.07539107360296916
TAATACGCTATTA	P5TAAT	1	1.1980779548475446	1.082254607738261	0.7621710629665454	0.793684235082089	0.1807185684005711	0.07904646488530034	-0.2715842564079871	-0.23106958564765942
TAATACGCGATTA	P5TAAT	2	1.54927586345446	1.1790159179055837	0.8246515617812352	0.6554826913295508	0.43778763689821293	0.16468012265627655	-0.19279433121814457	-0.4223833814213626
TAATACGCCATTA	P5TAAT	2	1.0778579560122266	1.5479173857127615	0.7739743859663664	1.045396393460747	0.07497569758244972	0.4369104053407826	-0.2562164990067077	0.044396137377539543
TAATTAGAAATTA	P5TAAT	4	0.4621705670489431	0.7818213519519606	0.3237584525530626	0.8068131839470223	-0.7718212632886408	-0.24612901472485413	-1.1277575580371964	-0.21466313200061307
TAATTAGATATTA	P5TAAT	3	0.8620336921484743	0.85885573529556	0.8466891584058305	0.6506173570008258	-0.14846092306317082	-0.15215431604335333	-0.1664216429442526	-0.4298335868468193
TAATTAGAGATTA	P5TAAT	4	0.9959608591104137	0.93175486547012	0.7414082242149764	0.5134893813827909	-0.004047320251642671	-0.07068551877418688	-0.2992038955094195	-0.6665259287313456
TAATTAGACATTA	P5TAAT	4	1.0104610607390283	1.2563394891835151	0.6422370771668787	1.6020878274560206	0.010406722471883715	0.22820232545910185	-0.4427977643827776	0.47130767077388197
TAATTAGTAATTA	P5TAAT	4	0.618177611513637	0.7798304469973776	0.6241961818983345	0.5981709649679826	-0.48097946554387366	-0.24867875857239713	-0.47129056595632446	-0.5138786712962888
TAATTAGTTATTA	P5TAAT	3	0.9626336609193384	0.868467619046203	0.9019313775746456	0.7360289885114878	-0.038082353973909265	-0.14102497776551864	-0.10321683989048666	-0.3064857744643697
TAATTAGTGATTA	P5TAAT	4	1.0881134749987096	0.9317846902507444	0.9202330682372836	0.5666392456708228	0.08444543986902404	-0.07065351002982147	-0.08312830598242828	-0.5680324287694384
TAATTAGTCATTA	P5TAAT	4	1.0728805414078115	1.2322604751351545	0.678348165117951	1.1826352040555803	0.07034712605077184	0.20885026738698256	-0.3880946049738394	0.16774517231564212
TAATTAGGAATTA	P5TAAT	4	1.0798653255485955	1.3530821823235828	0.6095817189663889	0.9108153450140358	0.07683633479450044	0.30238508815965853	-0.49498226363156345	-0.09341509709297839
TAATTAGGTATTA	P5TAAT	3	1.109579977384724	1.0820189876827104	1.0624319946876433	0.8430490203079597	0.1039815449608683	0.07882872896043386	0.06056061476816227	-0.17073017283941133
TAATTAGGGATTA	P5TAAT	4	1.6241200924756805	0.9807342689736342	1.6172042334054475	0.8435899381026004	0.48496618757419435	-0.019453733813482803	0.48069887651877663	-0.17008875778079616
TAATTAGGCATTA	P5TAAT	4	0.9953384542478336	1.1869775604055175	1.196748804814868	1.1455873221737405	-0.004672444640199816	0.17141021098844977	0.17960855059758074	0.13591745062472435
TAATTAGCAATTA	P5TAAT	3	1.190332563409477	1.4593410984748345	0.5596763256148699	1.5644776608158213	0.17423273313033558	0.3779850314381636	-0.5803966523269849	0.44755200522384764
TAATTAGCTATTA	P5TAAT	2	0.8039606999583145	0.9344439755362484	0.8130876313829525	0.7194118597373479	-0.21820489164673104	-0.06780360515574124	-0.20691638756409259	-0.3293212622610756
TAATTAGCGATTA	P5TAAT	3	1.6449919516084426	1.1895651406104166	1.4322714137875567	0.8144071481196372	0.49773549156612157	0.17358781227986103	0.3592615853468559	-0.20529485606374306
TAATTAGCCATTA	P5TAAT	3	1.4412268871150364	1.6146849098316514	1.2168417608545865	2.060942673407874	0.3654947557787257	0.47913983536827254	0.19625878160297058	0.7231634865810981
TAATTTGAAATTA	P5TAAT	4	0.9637680049714424	1.1541996093831306	0.7881494610405364	1.5789030909874455	-0.03690467207787067	0.14340712486383703	-0.2380675357383592	0.4567303597279023
TAATTTGATATTA	P5TAAT	3	1.0744785218132509	0.9097180219137088	1.3024703726360063	0.9594183069346324	0.07183544789482942	-0.0946205935185305	0.2642627478500231	-0.041428108446619476
TAATTTGAGATTA	P5TAAT	4	2.119903245267019	1.3843333641601734	1.334178993873978	1.2489623303199542	0.7513704486174381	0.3252186982488716	0.28831611680865227	0.22231307081668833
TAATTTGACATTA	P5TAAT	4	1.2696922116945324	1.3995471153747092	1.015943681624764	2.4124632935450987	0.23877451810183556	0.3361486952692891	0.015817916148220375	0.8806483390044131
TAATTTGTAATTA	P5TAAT	4	0.9698862510626864	0.8531910028084484	0.923327477293212	0.884112604408435	-0.03057648130669848	-0.15877183767208486	-0.07977131077069481	-0.12317084390417905
TAATTTGTTATTA	P5TAAT	3	1.4847934677593746	1.1246019107567813	1.2009807033471651	1.240007461636237	0.39527568363237287	0.11742911592910144	0.18313847581403492	0.21511739704741903
TAATTTGTGATTA	P5TAAT	4	1.5133554541022454	0.9543735090759778	0.9886470793048748	0.814111440006366	0.4143293405264957	-0.04670016520982874	-0.011417857045247752	-0.20565801816539456
TAATTTGTCATTA	P5TAAT	4	1.468252378101357	1.3488131866783624	0.8048909007989594	1.7291864975958295	0.3840728351034008	0.29922508481787263	-0.21704853770599605	0.5476510653120988
TAATTTGGAATTA	P5TAAT	4	1.499354401394312	1.3385430561273417	0.8267163510210295	1.3743039135803794	0.40503461638944105	0.29158175090755944	-0.1902936282557063	0.31794735826462345
TAATTTGGTATTA	P5TAAT	3	1.4004229538978552	1.0842814030147256	1.0134206652389348	1.055164800939956	0.3367743009222375	0.08091746620506868	0.013331405838076764	0.053696964150367676
TAATTTGGGATTA	P5TAAT	4	2.4001710203177327	0.9968582740118968	1.694472512151722	1.349940680673731	0.875539993280858	-0.0031466715703547714	0.5273714901285678	0.3000606512432567
TAATTTGGCATTA	P5TAAT	4	1.1680544964077315	1.083799631512798	0.9956970760712592	1.3316431426686366	0.15533954120092192	0.08047304415424601	-0.004312208148341391	0.28641362531422654
TAATTTGCAATTA	P5TAAT	3	1.4382348341400413	1.4832473154902568	0.8350541707196066	2.3218309586336834	0.3634165520437836	0.39423381627144954	-0.18025868112227936	0.8423560807262973
TAATTTGCTATTA	P5TAAT	2	1.143067369340143	1.0573948128144033	1.1495886325861353	1.017489038097024	0.13371532388075708	0.0558081592032492	0.13940416758672614	0.01733786490756173
TAATTTGCGATTA	P5TAAT	3	2.470231822547476	1.4092179454579694	1.5234258595065746	1.3130464703837743	0.9043120015181333	0.3430349019042665	0.4209616536756634	0.2723499872181775
TAATTTGCCATTA	P5TAAT	3	1.9265188752168096	1.6500526172964685	1.4736826803964465	2.5685190139038507	0.6557146827089616	0.5008071766746242	0.3877644927058131	0.9433294736246107
TAATTGGAAATTA	P5TAAT	4	1.1607040065416028	1.2275182173866797	0.4987845008785987	1.850399373289988	0.14902672321865498	0.20499442162462286	-0.6955811384765904	0.6154014932460964
TAATTGGATATTA	P5TAAT	3	1.329779099524701	1.122908889410164	0.7563568426301384	1.4452210881225007	0.2850128378561625	0.11592254104036498	-0.2792420001051693	0.36826231202165877
TAATTGGAGATTA	P5TAAT	4	1.867905814929996	1.3145361143091636	0.7221436284523904	1.3052526076801427	0.6248179182624848	0.2734838386096886	-0.32553122849903093	0.26639659114613273
TAATTGGACATTA	P5TAAT	4	1.1975468148572466	1.256517205587502	0.5975647641398639	2.4101829156384653	0.18027514336530023	0.2283437711727814	-0.5148926091845641	0.8797026432275825
TAATTGGTAATTA	P5TAAT	4	1.1674066179481473	1.0647994097499398	0.7949080542940827	1.2544635196341576	0.1547847227351199	0.06278643376910312	-0.22952882599235416	0.226708006795428
TAATTGGTTATTA	P5TAAT	3	1.4233129413489725	1.1093939953534604	0.7313408830258363	1.5277880390009118	0.35298721154869556	0.1038139161071873	-0.3128756036789707	0.4238209631907662
TAATTGGTGATTA	P5TAAT	4	1.6394263297798155	1.172901346401798	0.6858118985853403	1.2426036032594492	0.4943463817274492	0.1594804624701457	-0.37715188916894604	0.21720885841747484
TAATTGGTCATTA	P5TAAT	4	1.4282899929494377	1.4150002016945675	0.5816723042249508	2.041212662976935	0.35647791959531744	0.3471296736355212	-0.5418480409834079	0.7135440738808405
TAATTGGGAATTA	P5TAAT	4	1.6121467242196783	1.4775157030875732	0.5242938068221313	1.6112736823812437	0.4775666599297623	0.3903620983888955	-0.6457030517523944	0.47702497330521004
TAATTGGGTATTA	P5TAAT	3	1.4691984835987422	1.1758741938448525	0.623773413453256	1.363108614382625	0.3847170028356592	0.1620118657307937	-0.47196809602248274	0.30976783727436463
TAATTGGGGATTA	P5TAAT	4	2.01983198976772	1.1166740094905616	1.0460918058791278	1.4075488322130505	0.703014334571699	0.1103546328104353	0.04506113031819014	0.341849774719787
TAATTGGGCATTA	P5TAAT	4	1.1450401754251651	1.0813506166613018	0.6842881770221605	1.4015386816605615	0.13543972409821156	0.07821083080624722	-0.37937613865042225	0.337570691427744
TAATTGGCAATTA	P5TAAT	3	1.2560135910278123	1.4580721213387744	0.5637795311000404	2.35495378089825	0.22794288886947778	0.37711509830186996	-0.5730920062111934	0.8565211013302484
TAATTGGCTATTA	P5TAAT	2	1.289441735351925	1.053297997838765	0.6793697161754054	1.3315757578687404	0.25420936141144007	0.05192619201241673	-0.386589798615612	0.2863630212877254
TAATTGGCGATTA	P5TAAT	3	2.4670283599043423	1.6473953495530904	0.9040866800702526	1.4121366234113006	0.9030143331861881	0.499195464620147	-0.10083003815317126	0.34510389318009355
TAATTGGCCATTA	P5TAAT	3	1.7406574405679411	1.4728017119681287	0.9784961376197264	2.896458397046426	0.554262881269967	0.38716651332614826	-0.021738439399860476	1.0634887482704567
TAATTCGAAATTA	P5TAAT	3	0.6132717542656516	1.0378397705735936	0.5402978945157819	0.6999011147339286	-0.48894712274152735	0.037141409219153994	-0.6156346350196248	-0.3568162185833414
TAATTCGATATTA	P5TAAT	2	0.8079735100426246	0.9734461360926164	0.9051418346551512	0.6469447739384404	-0.21322600559918053	-0.02691278585718391	-0.09966362418617852	-0.4354943452519671
TAATTCGAGATTA	P5TAAT	3	1.0600353672387468	0.9743654405806944	0.7973087492065632	0.4886341988657192	0.05830227288693834	-0.02596885003983184	-0.2265132859899814	-0.7161411290227532
TAATTCGACATTA	P5TAAT	3	1.0234167701645789	1.308445745473784	0.7188587434778738	1.2518731707799309	0.023146803970031268	0.2688399789826918	-0.3300904030409889	0.22464096625259924
TAATTCGTAATTA	P5TAAT	3	0.8105934929162039	0.8869623812196535	1.0551495795191106	0.6905162481173865	-0.20998859231064546	-0.11995270882373997	0.05368253841267994	-0.37031577546483546
TAATTCGTTATTA	P5TAAT	2	1.1459537158774682	1.1268448671644935	0.940859518709276	0.8600640567174545	0.13623722993547283	0.11942157444220687	-0.06096143990467347	-0.1507484079532408
TAATTCGTGATTA	P5TAAT	3	1.096037899459451	0.8896538370125008	0.7903542452716558	0.6087890606468077	0.09170176772672556	-0.1169228390924892	-0.23527402229129496	-0.49628344131027946
TAATTCGTCATTA	P5TAAT	3	1.1160910874602528	1.2493504326846123	0.6915827040497815	1.0909751093299462	0.10983248021646196	0.22262376239504247	-0.36877253408927674	0.08707189204434096
TAATTCGGAATTA	P5TAAT	3	0.8732167151043911	0.8880111207358934	0.5652015188553534	0.620047985380226	-0.13557151213455487	-0.11877101271715221	-0.5705729408870643	-0.47795840816334023
TAATTCGGTATTA	P5TAAT	2	0.9173097579295976	0.8892053488950112	0.7626456952220954	0.6911459252291163	-0.08631006885865936	-0.11742708150869087	-0.27096171305209843	-0.36940429772813393
TAATTCGGGATTA	P5TAAT	3	1.2024269520592512	0.7037434610030499	1.112474616388471	0.6227025826563727	0.18434197442434855	-0.3513413912189358	0.10658691806848833	-0.4736862695992874
TAATTCGGCATTA	P5TAAT	3	0.7584461358824943	0.7666380418552763	0.6213155506940554	0.6342868488099064	-0.27648349671319333	-0.2657405031405472	-0.4759161929418671	-0.45525398394851274
TAATTCGCAATTA	P5TAAT	2	1.1662262485766932	1.4333185014500087	0.6809359016830245	1.240438642076908	0.15377310733575822	0.3599923861522926	-0.3842871010760223	0.2154650606748355
TAATTCGCTATTA	P5TAAT	1	0.8679621826947004	0.9614271716898546	0.7353351356786427	0.639878112329048	-0.14160713359499177	-0.03933646129439016	-0.30742891678090517	-0.44647757025208823
TAATTCGCGATTA	P5TAAT	2	1.368017000101184	1.12774778909003	0.8388251442386022	0.5860464841743172	0.3133622460976942	0.12022253684337808	-0.17575300396278615	-0.5343561680215971
TAATTCGCCATTA	P5TAAT	2	1.2320341186067865	1.3096797356293823	0.8327685728728914	1.4034098235073638	0.20866655840220497	0.2697826307049879	-0.18299949909744614	0.3389048636030334
TAATGAGAAATTA	P5TAAT	3	0.6318176290546134	0.7907334508571651	0.2928239519872273	1.0937323658055649	-0.4591544880996429	-0.23479434542870384	-1.2281836970056168	0.08959603586766017
TAATGAGATATTA	P5TAAT	2	1.481465016551887	1.017275569651749	0.7343299766931962	1.708994765404814	0.39303147422037193	0.01712804363856062	-0.3087967918617149	0.5359053411707841
TAATGAGAGATTA	P5TAAT	3	0.9952758327683866	1.0421309627766664	0.5606362765683407	0.733568480671612	-0.004735361378893122	0.041267619480301894	-0.5786829320911595	-0.3098343242415256
TAATGAGACATTA	P5TAAT	3	1.219927739266544	1.3539790884707323	0.5007493136911864	2.410929919560556	0.1987916268816028	0.30304773010991276	-0.6916496749989333	0.8800125318170446
TAATGAGTAATTA	P5TAAT	3	0.8003426380276525	0.7755283297852099	0.5619862192186724	0.8732767025373329	-0.22271534547285282	-0.2542107660396055	-0.576277950352306	-0.13550281742049594
TAATGAGTTATTA	P5TAAT	2	1.1014429111843334	1.0015158330781502	0.7381942235744929	1.1561605785954574	0.09662105766868162	0.0015146853628732312	-0.3035483134310878	0.14510466942284883
TAATGAGTGATTA	P5TAAT	3	1.1743023176422993	0.963636149423093	0.8007410114535156	0.9312003506231328	0.16067419902426605	-0.03704149397716413	-0.22221771571539053	-0.07128082547675624
TAATGAGTCATTA	P5TAAT	3	1.3153135935196034	1.295233191161132	0.5678908583161322	1.72610677389261	0.2740751113586796	0.25869074933547	-0.5658260295762059	0.545868452794562
TAATGAGGAATTA	P5TAAT	3	1.2621758058343584	1.5135890001800456	0.4563675165499866	1.4344257416059834	0.23283706173389937	0.4144836519661611	-0.7844568367305089	0.3607645890526566
TAATGAGGTATTA	P5TAAT	2	1.371258463639946	1.245925137255952	0.6794988256163628	1.325180727781719	0.3157289047960552	0.2198783361011307	-0.3863997736980057	0.28154884846260525
TAATGAGGGATTA	P5TAAT	3	1.8972025077830603	1.2193604878240087	0.8977112634766641	1.3967482577882009	0.6403804368542028	0.1983265310012056	-0.10790679525948199	0.3341468620237503
TAATGAGGCATTA	P5TAAT	3	1.0693497467997035	1.3980252150056025	0.7562662353495962	1.6735229956550044	0.06705075046995287	0.3350606801336573	-0.2793618016366539	0.5149309826295153
TAATGAGCAATTA	P5TAAT	2	1.1651308863990626	1.550930472106575	0.4320676670565728	1.7526280940615393	0.15283342954740264	0.4388550554053223	-0.8391730662992449	0.561116429444685
TAATGAGCTATTA	P5TAAT	1	1.66644748177783	1.1053650922523477	0.603986386671316	1.501714032442556	0.5106941041843677	0.10017568062794929	-0.5042036199249698	0.406607144031856
TAATGAGCGATTA	P5TAAT	2	1.5060252433722687	1.2955990281316137	0.7407893849988705	1.0892494452272017	0.40947389110459964	0.258973158184788	-0.30003892485802647	0.08548887669896772
TAATGAGCCATTA	P5TAAT	2	2.3155349148255424	2.133640359446237	0.9704132915219204	3.1661560482711923	0.8396407255663134	0.7578296098326677	-0.030033224494408678	1.1525182490221826
TAATGTGAAATTA	P5TAAT	3	1.2688052707990378	1.3559479445135325	0.8571229273240971	2.0876259346547026	0.238075726050472	0.30450079977950756	-0.1541739315527976	0.7360275039015148
TAATGTGATATTA	P5TAAT	2	1.5941546189644875	1.2999050716724403	1.5684908980767485	1.8556889452432168	0.46634357626884254	0.26229124001083975	0.45011394568419627	0.6182560261607891
TAATGTGAGATTA	P5TAAT	3	2.40132954489132	1.498022102333957	1.3522067417303572	1.7359236898227304	0.8760225610033172	0.40414563954823435	0.3017378814114253	0.5515396577966145
TAATGTGACATTA	P5TAAT	3	1.67720703875037	1.5508719608361303	1.1927379535858331	2.893387569639034	0.5171299330325722	0.43881732813434576	0.17625146566559904	1.062427985095406
TAATGTGTAATTA	P5TAAT	3	1.305897106213999	1.148194381995849	1.190620699412949	1.6412099930427553	0.26689024230946135	0.13819060586000828	0.17447476728478759	0.4954337704308442
TAATGTGTTATTA	P5TAAT	2	1.6896146570876889	1.3482545693889978	1.257428220192217	2.025573616340979	0.5245004893783581	0.2988108443553586	0.2290685400044765	0.7058529277747662
TAATGTGTGATTA	P5TAAT	3	1.6653349432748583	1.2501417389566425	1.058454894327571	1.40247971622046	0.5100262703330599	0.2232569360512315	0.05681019786250749	0.33824189572222285
TAATGTGTCATTA	P5TAAT	3	1.6807286416307363	1.6076411785194946	0.9147867945114596	2.853342252641973	0.5192274146442828	0.4747679981687436	-0.08906425232089013	1.0484910274065806
TAATGTGGAATTA	P5TAAT	3	1.737997500087481	1.524310416771689	0.8356765408788334	2.155018340435536	0.5527335884575174	0.42154212206909786	-0.17951365359187701	0.7677992341624359
TAATGTGGTATTA	P5TAAT	2	1.6079310219035134	1.3747022757221188	1.0479285876231528	1.738030335305679	0.47494827301050624	0.31823718092568404	0.046815441996146324	0.5527524808368387
TAATGTGGGATTA	P5TAAT	3	2.7034104364746363	1.221178895027616	1.475370916257983	2.130325059951121	0.9945141005597451	0.19981669957040038	0.3889094268283219	0.7562745783832563
TAATGTGGCATTA	P5TAAT	3	1.2090812235103416	1.2563844103578636	0.9621281438236968	1.7793366454136723	0.18986075176670775	0.2282380804215643	-0.03860763154957529	0.5762406237289416
TAATGTGCAATTA	P5TAAT	2	1.4793806825705575	1.682077670027194	0.8401021613112469	2.5491576522588613	0.391623542475562	0.5200297376708262	-0.17423177393133707	0.9357629721510482
TAATGTGCTATTA	P5TAAT	1	1.6271673546681824	1.3953195750916232	1.1191678555889235	1.6809527496689851	0.4868406838371758	0.3331234751243032	0.11258542307473368	0.5193607455656252
TAATGTGCGATTA	P5TAAT	2	2.7623999223801574	1.6983703344777918	1.2854822905059058	1.8566855914142528	1.0160998389949474	0.5296691645078918	0.25113397128189235	0.6187929580813908
TAATGTGCCATTA	P5TAAT	2	2.0375413675179286	1.8601339227551976	1.4378149884303435	3.1541885124988807	0.71174386900306	0.6206484866144167	0.36312459207189074	1.148731256094896
TAATGGGAAATTA	P5TAAT	3	2.162897717144667	1.5941946280163586	1.2146016960266832	2.733551026067064	0.7714488583561462	0.466368673301052	0.19441620084680727	1.0056015061137802
TAATGGGATATTA	P5TAAT	2	3.9615785652259135	1.6422242156532505	1.8385836222987904	2.8316026430548478	1.376642573417824	0.4960515520450248	0.6089955047056734	1.0408428563313787
TAATGGGAGATTA	P5TAAT	3	3.042229101385321	1.634800457648777	1.901515625515912	1.931492502848544	1.1125905037511794	0.49152075264969847	0.6426512658206823	0.6582930215989562
TAATGGGACATTA	P5TAAT	3	2.004189050434674	1.6395183832594644	1.358547360707306	3.535226101397822	0.6952395153174549	0.4944025299627684	0.30641601177735983	1.2627772580945948
TAATGGGTAATTA	P5TAAT	3	1.9218540925206	1.2465967632498969	1.905816554884194	1.8095381548048983	0.653290393265104	0.22041724892678197	0.6449105544742385	0.5930716496268776
TAATGGGTTATTA	P5TAAT	2	2.5913500453229874	1.5288450428072111	1.9265130963763124	2.424833641845233	0.9521789929267397	0.4245125763612989	0.6557116830761842	0.8857629207353348
TAATGGGTGATTA	P5TAAT	3	2.948150568778619	1.533471589138487	1.7748734060130826	1.7563285567231488	1.0811780479137958	0.4275341775916034	0.5737290998279375	0.563225582906346
TAATGGGTCATTA	P5TAAT	3	2.1406724217880004	1.5842753740288331	1.3224090151627377	2.6036119937818296	0.761119995467103	0.46012712552297874	0.2794550847751374	0.9568997093201067
TAATGGGGAATTA	P5TAAT	3	2.9123417501937467	1.7213452307090853	1.3683266291342429	2.165572666466508	1.0689574827182098	0.5431060960134029	0.31358855468779395	0.7726848375475484
TAATGGGGTATTA	P5TAAT	2	2.2730192557040945	1.451163062469243	1.4281004631663572	1.656022657847166	0.8211090163277457	0.37236534696028684	0.3563452138001746	0.5044187381443251
TAATGGGGGATTA	P5TAAT	3	3.045864986544375	1.347752368677254	2.105808956166159	2.113784180849922	1.1137849286528985	0.29843829285301515	0.7446996955258639	0.7484797918154245
TAATGGGGCATTA	P5TAAT	3	1.6781208656495217	1.334948377564655	1.3657821652104187	1.627142970888126	0.5176746350395193	0.28889262261367227	0.3117272793327953	0.4868256983086812
TAATGGGCAATTA	P5TAAT	2	1.806641945968737	1.725425790654114	1.159089344491177	2.515682714670786	0.591469843646697	0.5454738551863418	0.14763464895440426	0.9225442238394446
TAATGGGCTATTA	P5TAAT	1	2.8532213869274683	1.3819615427801455	1.6238464174027525	2.083107487578884	1.0484486671624276	0.3235038977369809	0.4847976667026008	0.7338607632417138
TAATGGGCGATTA	P5TAAT	2	3.709081027028296	2.469150394520446	2.081154525906442	2.270717031477944	1.3107841443266093	0.9038741216389159	0.7329228002560524	0.8200956545137432
TAATGGGCCATTA	P5TAAT	2	2.4425437375726444	1.918996825062989	2.449316213218296	4.654666065715818	0.8930400116619439	0.651802562549462	0.895808888956325	1.5378701714674998
TAATGCGAAATTA	P5TAAT	2	0.589923941088472	1.026239698086184	0.9944793180512574	0.9765408059864638	-0.5277616638017891	0.02590134332844865	-0.00553597723290638	-0.023738741533926588
TAATGCGATATTA	P5TAAT	1	1.5771747517833243	0.9630538478119736	1.5106505256989635	1.359646952466996	0.4556351146401737	-0.03764595201627227	0.4125403697752754	0.30722507227339685
TAATGCGAGATTA	P5TAAT	2	1.046187852102883	0.979152805666368	1.0799858262507631	0.6957708602567952	0.04515294043875045	-0.02106756521322692	0.07694791720812395	-0.3627348966227324
TAATGCGACATTA	P5TAAT	2	0.9247859468626228	1.193367201369229	0.99870414681543	1.5025757249403182	-0.07819297704602343	0.17677889237743197	-0.0012966935283612556	0.40718078545194475
TAATGCGTAATTA	P5TAAT	2	0.784802234875351	0.991930385468738	1.7458796838277226	0.8427604086324981	-0.24232352303454027	-0.008102350098482813	0.5572585454369191	-0.1710725741492233
TAATGCGTTATTA	P5TAAT	1	0.923849733139479	1.1267154511818962	1.5255463289516666	0.9690551923879832	-0.0792058470379968	0.11930671975499395	0.4223525943966018	-0.0314337106246872
TAATGCGTGATTA	P5TAAT	2	0.9027010235826431	0.871588352414276	1.0345774817533355	0.5644999020665719	-0.10236387276635969	-0.1374380394540663	0.033993113178690006	-0.5718150688794649
TAATGCGTCATTA	P5TAAT	2	0.9958156591975756	1.217115788669119	1.0600937010548266	1.3651128823696734	-0.0041931196540962905	0.19648395218225534	0.058357301438706134	0.31123712292437666
TAATGCGGAATTA	P5TAAT	2	1.0339316307432511	1.0082238039622722	0.9512767751071604	0.9463105712381676	0.03336865276208356	0.008190172745015292	-0.04995022291494673	-0.05518446440262007
TAATGCGGTATTA	P5TAAT	1	0.9907334491806968	0.9323986834665252	1.0401551333739736	0.8157617143914772	-0.009309752394861162	-0.06999478380509552	0.03936986873477831	-0.2036329833403135
TAATGCGGGATTA	P5TAAT	2	1.132092110095479	0.643746627913114	1.2250075606208088	0.6448041222541525	0.12406734581298182	-0.4404500652111315	0.20294701591299816	-0.43880869473609624
TAATGCGGCATTA	P5TAAT	2	0.6945244923303018	0.7889208479165394	0.8697470170077384	0.834855845123546	-0.3645278512752303	-0.2370892826660154	-0.13955289466825413	-0.1804962096059838
TAATGCGCAATTA	P5TAAT	1	0.9980794597779362	1.5561650851175792	0.8628147946347782	1.336373152724463	-0.0019223868241305454	0.44222451596235474	-0.14755521737866092	0.2899593420472982
TAATGCGCTATTA	P5TAAT	0	1.0	1.0	1.0	1.0	0.0	0.0	0.0	0.0
TAATGCGCGATTA	P5TAAT	1	1.1925149974106983	0.9502064379602064	1.0367714806176966	0.664170681956452	0.17606452014630644	-0.05107601487844604	0.03611153911726826	-0.4092161113984518
TAATGCGCCATTA	P5TAAT	1	1.0535239373947336	1.2519070042236	1.3007089475859404	1.362410443775408	0.05214067578349976	0.22466799214249883	0.26290946011820693	0.3092555160558444
TAATCAGAAATTA	P5TAAT	4	0.4525567261746787	0.6022316964018145	0.3182291137724202	0.3750910632270811	-0.792842161987282	-0.5071130299758784	-1.1449836720645719	-0.9805864472192224
TAATCAGATATTA	P5TAAT	3	1.0522771818343946	0.7340886542967281	0.8216707387921289	0.6353359138373956	0.050956560441713386	-0.3091254752406203	-0.1964155252521114	-0.4536014217905247
TAATCAGAGATTA	P5TAAT	4	0.9096377497356268	0.8359099385516745	0.6614151927720751	0.3294257383197292	-0.09470883593860566	-0.17923440070579552	-0.41337350807220696	-1.110404327315633
TAATCAGACATTA	P5TAAT	4	0.833696138282151	0.962833684580773	0.568462933012345	0.9127819669297228	-0.18188628559962577	-0.03787458762292797	-0.564819169302746	-0.09125823640316706
TAATCAGTAATTA	P5TAAT	4	0.7743291165814513	0.8794757047740118	0.6632235663916071	0.5580597295056008	-0.25575828054926963	-0.12842933909282309	-0.41064314142626807	-0.583289280204693
TAATCAGTTATTA	P5TAAT	3	1.30487077015299	0.9571090505543128	0.9354397534904028	0.8146819202892228	0.26610400916849947	-0.04383794359855957	-0.06673853567272617	-0.20495752377477305
TAATCAGTGATTA	P5TAAT	4	1.3332880849543671	1.0049984989580902	0.8332599306609317	0.655026911693362	0.28764813559170754	0.004986047935884125	-0.18240964388039002	-0.4230789576361633
TAATCAGTCATTA	P5TAAT	4	1.1769394315958424	1.061560072453364	0.5999384855710531	0.9622644962606722	0.16291736696748907	0.05973959260264028	-0.510928153070185	-0.038465921968730485
TAATCAGGAATTA	P5TAAT	4	0.9084140547106334	0.9374690572602477	0.641278337012261	0.5719609059956776	-0.09605499693005144	-0.06457152727133679	-0.4442916932009873	-0.5586846360994472
TAATCAGGTATTA	P5TAAT	3	1.1373882014940375	1.1937742084279566	0.8854796267520542	0.7356801073126189	0.12873458261189408	0.17711989191855773	-0.12162582964442038	-0.3069598915387211
TAATCAGGGATTA	P5TAAT	4	1.2809350204844892	0.8573915344618044	1.41365070768389	0.6953469541424033	0.24759029601090507	-0.1538605983661821	0.3461755126900419	-0.36334434339010885
TAATCAGGCATTA	P5TAAT	4	0.8703848288397578	0.8271201815605022	0.9032768360796496	0.6495000988438862	-0.1388198331337461	-0.18980527219445983	-0.10172619881765922	-0.4315522906869122
TAATCAGCAATTA	P5TAAT	3	0.964509267862281	1.1437488968364569	0.6322307092408215	0.934588534054477	-0.03613583770140885	0.13431137309255564	-0.45850090518133485	-0.06764891708287461
TAATCAGCTATTA	P5TAAT	2	1.1089714646310644	0.9265534718670596	0.6666226189372821	0.8170093415608004	0.10343297731677853	-0.07628352108825442	-0.4055311818850651	-0.20210475020855373
TAATCAGCGATTA	P5TAAT	3	1.40649079018387	1.294445818014101	0.8685855859159647	0.5151178231935903	0.3410978008878503	0.2580826638017005	-0.14088915363577284	-0.6633596215850422
TAATCAGCCATTA	P5TAAT	3	1.443399404204522	1.3509949076676375	1.0170937448909576	1.1260832834114174	0.367001028883692	0.3008412896649902	0.016949290685519303	0.11874549093560173
TAATCTGAAATTA	P5TAAT	4	0.7464529281603653	1.0067434451899515	0.814794841875862	0.6896993000156247	-0.2924227207085784	0.006720809866498947	-0.20481892518970338	-0.3714995734567814
TAATCTGATATTA	P5TAAT	3	1.5202858615269772	1.0728746387073484	1.4678353374759827	0.8996774302094104	0.4188983839699064	0.0703416243043305	0.38378875596913903	-0.10571899078078918
TAATCTGAGATTA	P5TAAT	4	1.6888993898399152	1.150738339278866	1.259195948560516	0.7558634422772234	0.5240770681650525	0.14040377051494057	0.230473381204825	-0.27989455102694677
TAATCTGACATTA	P5TAAT	4	1.4350511438942986	1.5288817913544446	1.0351313780454394	1.3898472935544202	0.36120048892094136	0.4245366128754994	0.03452835397133098	0.3291938803552502
TAATCTGTAATTA	P5TAAT	4	0.8785995091110943	0.96099080810891	1.0835247179501604	0.6250421068126266	-0.1294261061577841	-0.03979043498067924	0.08021935479374011	-0.4699362606148501
TAATCTGTTATTA	P5TAAT	3	1.6253128540043067	1.2611092653099272	0.9968066171069904	0.9642020703957382	0.48570032279214903	0.23199170295922644	-0.003198492621272664	-0.036454389744990386
TAATCTGTGATTA	P5TAAT	4	1.7052087002636591	1.0813361961032524	0.9952673451492766	0.6867467689186514	0.533687508091339	0.0781974950259904	-0.0047438893216217165	-0.37578965890511506
TAATCTGTCATTA	P5TAAT	4	1.478974272948406	1.3546533460144203	0.8660993200939315	1.1778040743062648	0.39134878868109263	0.30354558840107887	-0.14375568866573066	0.16365175077372113
TAATCTGGAATTA	P5TAAT	4	0.9911074888387016	1.092341495954318	0.7762068345594523	0.6902681696236052	-0.00893228551013761	0.0883235536672618	-0.2533362549334909	-0.37067510526789993
TAATCTGGTATTA	P5TAAT	3	1.374756265110233	1.1021979576836234	0.8572742961618371	0.7453346830104151	0.3182764536678035	0.09730632951992046	-0.15399734606133772	-0.2939219225400248
TAATCTGGGATTA	P5TAAT	4	1.758004904077259	0.8816531419362665	1.4445488233972326	0.7012104208968728	0.5641795888366024	-0.12595656343437128	0.3677970398664496	-0.35494726452684544
TAATCTGGCATTA	P5TAAT	4	0.8684432380427085	0.9292257146371288	0.9044302010406652	0.6474061143553009	-0.14105305174916213	-0.07340360451579848	-0.10045014568091198	-0.4347814930562154
TAATCTGCAATTA	P5TAAT	3	1.361262803760773	1.614619789825768	0.8673579138820354	1.428441255447129	0.3084128011056635	0.47909950470148893	-0.14230356860808316	0.35658381859993515
TAATCTGCTATTA	P5TAAT	2	1.4173833047804718	1.0969317138312054	1.0277712386819844	0.8423443020853613	0.34881242856104727	0.09251693125277863	0.027392611804399874	-0.17156643848055858
TAATCTGCGATTA	P5TAAT	3	2.1057247909589	1.248027471726551	1.2475869560093376	0.681147901489121	0.7446597266155697	0.22156428230636516	0.22121125043021256	-0.3839758136099874
TAATCTGCCATTA	P5TAAT	3	1.9162213857742296	1.7182183247634364	1.332349700208249	1.394839474309087	0.6503552186849503	0.5412878962583221	0.2869440753550883	0.3327793364721518
TAATCGGAAATTA	P5TAAT	4	0.8509019460290161	1.0626282625507526	1.0332000508173684	0.8388216497209661	-0.1614583791048945	0.06074533222546624	0.03266083142399203	-0.1757571699381854
TAATCGGATATTA	P5TAAT	3	2.69001793541923	1.3358240627659923	1.2045845966892508	2.238201081156044	0.9895478610336135	0.2895483768962114	0.18613477447055876	0.8056724544487842
TAATCGGAGATTA	P5TAAT	4	1.372377195475681	1.244708811466282	1.813935000252492	0.6641908936206194	0.31654441533516026	0.21890161618852363	0.5954985187755909	-0.4091856804306482
TAATCGGACATTA	P5TAAT	4	1.9100845739448948	1.4258372058855342	0.9350885954996416	1.9030550061588745	0.647147520630529	0.3547591541046058	-0.06711399963730713	0.6434604928667786
TAATCGGTAATTA	P5TAAT	4	1.0237576483956514	1.0732642215040542	1.1873126252168094	0.7286210436282994	0.02347982711757791	0.07070467891203336	0.17169245518551143	-0.3166015125460057
TAATCGGTTATTA	P5TAAT	3	1.4228213444587077	1.420941105466661	1.2997248430939174	1.1008282034788903	0.3526417627077151	0.35131940241979165	0.26215258290600507	0.09606280876161997
TAATCGGTGATTA	P5TAAT	4	1.3100920386516124	1.3077963284067422	1.080567060145844	0.8683130059429465	0.2700973932577277	0.26834352868333816	0.07748595903321616	-0.1412030233994235
TAATCGGTCATTA	P5TAAT	4	1.3059550385154186	1.3961981584699004	0.8577197705619454	1.4053127223772994	0.2669346033974701	0.3337529415946209	-0.1534778405787582	0.3402598562233391
TAATCGGGAATTA	P5TAAT	4	0.967091634911204	1.255604725278599	0.7161210797726202	0.8279372352105395	-0.033462025959326895	0.22761730934159283	-0.3339060204905883	-0.18881793035588315
TAATCGGGTATTA	P5TAAT	3	1.3529139822550222	1.1577731570311884	0.894582354906761	0.851019999980744	0.3022607715985496	0.14649846793311938	-0.11139831218108355	-0.16131964894491982
TAATCGGGGATTA	P5TAAT	4	1.6987149080766977	0.9496996220960112	1.6589000930388642	0.7148996626775941	0.5298720287726864	-0.05160953165264054	0.5061547882007639	-0.33561307805502333
TAATCGGGCATTA	P5TAAT	4	0.8722743193023323	1.008108371678578	1.0424852309087522	0.7330983998733787	-0.13665131818918416	0.008075675456111316	0.04160750759646399	-0.3104753434403163
TAATCGGCAATTA	P5TAAT	3	1.485899624994888	1.5715921114226026	0.7396960235751973	1.4923658336753562	0.3960203969043928	0.45208918923334884	-0.3015159561291436	0.4003626685590872
TAATCGGCTATTA	P5TAAT	2	2.308360273572129	1.2760448098741386	1.0083207134048693	1.4485965966948244	0.8365374341987606	0.24376530176221617	0.00828628710483933	0.37059522340094875
TAATCGGCGATTA	P5TAAT	3	1.7847836069982193	1.493704061297592	1.82178159584318	0.8782127091986103	0.5792971793103989	0.4012589822817369	0.599814921094638	-0.12986644908653067
TAATCGGCCATTA	P5TAAT	3	2.3859774547725743	1.6483212627332082	1.4465977736560538	2.3960296265805896	0.8696088746673669	0.4997573534676448	0.36921443641350826	0.8738130451936973
TAATCCGAAATTA	P5TAAT	3	0.4579811755852284	0.5745523033303505	1.0543388485966123	0.4957227878906606	-0.7809271970549315	-0.5541641443571933	0.052913886684981995	-0.7017384038791834
TAATCCGATATTA	P5TAAT	2	1.3307562071198928	0.7311231116404884	1.52239472503343	0.9233615293637554	0.2857473574370019	-0.3131734180357709	0.42028457209195413	-0.0797344317180503
TAATCCGAGATTA	P5TAAT	3	0.9385368559168704	0.6637842909203037	1.266527669992243	0.3598095240386761	-0.06343315263782888	-0.4097980453569738	0.23627903782634047	-1.0221804874472888
TAATCCGACATTA	P5TAAT	3	0.7973046278454463	0.934105275281768	1.1228048889413496	1.0714205161024597	-0.22651845509388616	-0.06816613267064789	0.11582991973671415	0.0689853531543179
TAATCCGTAATTA	P5TAAT	3	0.9329857171056466	0.660976920210371	1.6674796458355017	0.5225780852923612	-0.06936538682040937	-0.41403635621452156	0.5113132923376419	-0.6489808607734231
TAATCCGTTATTA	P5TAAT	2	1.1911483394052638	0.8878688546738323	1.606226967408121	0.7612467118098841	0.17491783291570895	-0.11893123307476128	0.47388793020177156	-0.2727977794289235
TAATCCGTGATTA	P5TAAT	3	1.1519885592900176	0.7457454102866999	1.103065396014269	0.4903301477325995	0.1414896310525254	-0.29337101009941297	0.09809302773800735	-0.7126763438763049
TAATCCGTCATTA	P5TAAT	3	1.4005435929451322	1.0540512364488193	0.9899838462166348	0.921194253382893	0.33686044193487297	0.052641060369190563	-0.010066652939518484	-0.08208434924124235
TAATCCGGAATTA	P5TAAT	3	0.6439237299742014	0.6384287983986708	0.8099929242675739	0.3793801235258919	-0.4401749916084515	-0.4487451235903686	-0.2107297668259381	-0.9692166120842356
TAATCCGGTATTA	P5TAAT	2	0.8873169559521895	0.650179010479499	1.0551077581387025	0.5063333998822946	-0.11955302571879965	-0.43050755327058543	0.05364290212788447	-0.6805599336213792
TAATCCGGGATTA	P5TAAT	3	0.9941552714780234	0.5410327427469998	1.3518611811893129	0.3980291432722504	-0.005861875794470494	-0.614275479329369	0.30148229571404217	-0.921230052076331
TAATCCGGCATTA	P5TAAT	3	0.5295508044357713	0.5271926231511544	0.8358847825413986	0.4243498844579373	-0.6357261706004745	-0.6401892883971331	-0.17926449532203084	-0.8571969648465936
TAATCCGCAATTA	P5TAAT	2	0.9719338015189012	0.8230337985834087	0.8828164628596474	0.8501168068751274	-0.02846758227420753	-0.19475801161075929	-0.12463795631438823	-0.162381519085927
TAATCCGCTATTA	P5TAAT	1	1.1091959273530387	0.6533895308454427	1.0533823138160587	0.5491645093007476	0.10363536305516023	-0.42558180252473204	0.05200623830788187	-0.5993572297169654
TAATCCGCGATTA	P5TAAT	2	1.0498980017114556	0.6639758070996138	1.4462082404559375	0.4037364737632581	0.048693018223732315	-0.4095095652604203	0.368945124748246	-0.9069929065216092
TAATCCGCCATTA	P5TAAT	2	1.53825456249059	0.842289026115348	1.1483946477253946	1.137802862521544	0.4306483726607761	-0.1716320622208798	0.13836500861771683	0.1290990891701835
