	wt.p3.ln.omega	wt.p5.ln.omega	wt.delta.ln.omega	e80a.p3.ln.omega	e80a.p5.ln.omega	e80a.delta.ln.omega	k88n.p3.ln.omega	k88n.p5.ln.omega	k88n.delta.ln.omega	r90w.p3.ln.omega	r90w.p5.ln.omega	r90w.delta.ln.omega
TAATAAAATTA	-0.9699410270290468	-0.9161459533340242	-0.05379507369502268	-0.5246316554306518	-0.5151407782066181	-0.009490877224033745	-0.2923300724125103	-1.264295877859787	0.9719658054472767	-0.5044392089525291	-0.4666573295626215	-0.037781879389907624
TAATAATATTA	-0.3853698237879048	0.2271074826160286	-0.6124773064039334	-0.4539735485341236	-0.0866562934589666	-0.367317255075157	0.772577903937315	-0.1832858916037898	0.9558637955411048	-0.2962409986307327	0.0948698651488689	-0.39111086377960164
TAATAAGATTA	0.6307715972803618	-0.4422998547998908	1.0730714520802527	-0.0329081004740106	-0.2712409481264647	0.2383328476524541	1.2503921599278147	-0.4964118511949925	1.7468040111228071	0.5055042917555822	-0.8760631459389742	1.3815674376945564
TAATAACATTA	0.4368193342926004	0.0375159794304695	0.39930335486213087	0.2506777208865566	0.2356551404438663	0.015022580442690309	1.0112725696581826	-0.508270118366739	1.5195426880249214	0.9905627221987588	0.4141370145174262	0.5764257076813326
TAATATAATTA	-1.076916957698722	-0.0022562369636485	-1.0746607207350736	-0.7546880215298238	-0.1370705687654695	-0.6176174527643543	0.4963133662594214	0.2393414999657246	0.25697186629369684	-0.9644897174265066	-0.343753409489257	-0.6207363079372497
TAATATTATTA	-0.1170847596646377	0.419060136294797	-0.5361448959594347	-0.4261996494929475	0.2571561876739648	-0.6833558371669123	1.064638416862442	0.378822709899983	0.6858157069624591	-0.1915538466289885	0.1547793952343057	-0.3463332418632942
TAATATGATTA	0.500341444259582	0.606261116617541	-0.10591967235795896	-0.3345087855268649	0.0815098128814493	-0.41601859840831423	1.1635201765362264	0.3924807593575302	0.7710394171786963	0.1546426803855535	-0.1665518767453718	0.3211945571309253
TAATATCATTA	0.5608345958825954	0.3563536434163939	0.20448095246620152	0.0362274051762714	0.2517087436164007	-0.21548133844012932	1.0498345722659952	0.1081599006360576	0.9416746716299376	0.6940002463949437	0.1896669626630157	0.5043332837319281
TAATAGAATTA	-0.6891757162167607	0.2725929697630402	-0.9617686859798009	-0.5963556053745521	0.2245685695164597	-0.8209241748910119	0.0802152399867787	-0.6153230773447947	0.6955383173315735	-0.6409911477060544	0.0836608271993742	-0.7246519749054285
TAATAGTATTA	0.4471036116386748	0.5747192378434803	-0.12761562620480554	-0.4890467572935403	0.3712415518728836	-0.860288309166424	0.7411606754680525	-0.2557717802516518	0.9969324557197043	0.2681952393966322	0.1772576121257887	0.09093762727084351
TAATAGGATTA	0.9942307391478372	0.4569534361669055	0.5372773029809317	-0.3047060287468457	-0.0397503904789543	-0.2649556382678914	1.4961998372516494	0.0663551391112076	1.4298446981404418	0.6400443718766502	-0.2465422472389702	0.8865866191156204
TAATAGCATTA	0.7944443333365806	0.2368523925145039	0.5575919408220766	-0.2279998550013762	0.1378647887687799	-0.3658646437701561	1.1643966710345084	-0.5045906855783803	1.6689873566128886	0.9149109158991472	0.1914651766801684	0.7234457392189788
TAATACAATTA	-0.6760459837765487	-0.015286685222855	-0.6607592985536936	-0.2681216025642435	0.2846225951135069	-0.5527441976777504	0.1059672718824884	-0.7123156496010868	0.8182829214835753	-0.3065727668657257	0.0753910736029689	-0.3819638404686946
TAATACTATTA	0.1030426280263199	0.1807185684005711	-0.0776759403742512	-0.4876113574699793	0.0790464648853005	-0.5666578223552798	0.6461263655992108	-0.2715842564079871	0.9177106220071979	0.1246036983901991	-0.2310695856476594	0.3556732840378585
TAATACGATTA	0.6220713376980838	0.4377876368982131	0.18428370079987066	-0.0919745995673042	0.1646801226562765	-0.25665472222358066	1.3862341423965825	-0.1927943312181445	1.579028473614727	0.3890371304261769	-0.4223833814213626	0.8114205118475395
TAATACCATTA	0.4919682893155266	0.0749756975824497	0.4169925917330769	0.3752612051803917	0.4369104053407826	-0.06164920016039094	1.607008793896311	-0.2562164990067077	1.8632252929030186	0.7001397866217764	0.0443961373775395	0.655743649244237
TAATTAAATTA	-0.8444240802523347	-0.7718212632886406	-0.07260281696369408	-0.0181583887435101	-0.2461290147248541	0.227970625981344	0.1973955574982083	-1.1277575580371964	1.3251531155354046	0.0452115442060473	-0.214663132000613	0.25987467620666027
TAATTATATTA	-0.7687649379420325	-0.1484609230631708	-0.6203040148788617	-0.2972546351645543	-0.1521543160433533	-0.145100319121201	0.8209941772486243	-0.1664216429442526	0.9874158201928769	-0.5034100723074015	-0.4298335868468193	-0.07357648546058221
TAATTAGATTA	0.0109340350443272	-0.0040473202516426	0.014981355295969799	-0.1186234614969467	-0.0706855187741867	-0.04793794272276	1.2361786263285224	-0.2992038955094195	1.535382521837942	-0.4394106333384265	-0.6665259287313456	0.22711529539291914
TAATTACATTA	-0.1531055473117545	0.0104067224718837	-0.1635122697836382	0.4553478229904911	0.228202325459102	0.2271454975313891	1.1348265586003443	-0.4427977643827776	1.577624322983122	0.8027731769990459	0.4713076707738819	0.331465506225164
TAATTTAATTA	-0.611014907837714	-0.0305764813066984	-0.5804384265310155	-0.0626947383410683	-0.1587718376720848	0.0960770993310165	0.6374895142032897	-0.0797713107706949	0.7172608249739846	-0.0582918368890667	-0.123170843904179	0.06487900701511229
TAATTTTATTA	-0.3431432444419077	0.3952756836323728	-0.7384189280742806	-0.1104047998724639	0.1174291159291014	-0.2278339158015653	0.9353073333650388	0.1831384758140349	0.7521688575510039	-0.0941376162943237	0.215117397047419	-0.3092550133417427
TAATTTGATTA	-0.3212819898086066	0.4143293405264957	-0.7356113303351024	-0.3377148499463677	-0.0467001652098287	-0.291014684736539	0.8848732090299681	-0.0114178570452478	0.8962910660752159	-0.5461104384192412	-0.2056580181653945	-0.3404524202538467
TAATTTCATTA	-0.1424785776285509	0.3840728351034008	-0.5265514127319517	0.2364905398002005	0.2992250848178726	-0.06273454501767209	0.8225496445564523	-0.217048537705996	1.0395981822624483	0.4429139091446345	0.5476510653120988	-0.10473715616746432
TAATTGAATTA	-0.2785694365404605	0.4775666599297623	-0.7561360964702228	-0.0795605904801905	0.3903620983888955	-0.469922688869086	0.4723826225832299	-0.6457030517523944	1.1180856743356242	0.0251537579545191	0.47702497330521	-0.45187121535069086
TAATTGTATTA	-0.2597210754734306	0.3847170028356592	-0.6444380783090897	-0.2281903653838794	0.1620118657307935	-0.3902022311146729	0.7485989607844034	-0.4719680960224827	1.220567056806886	-0.0605577293769968	0.3097678372743646	-0.3703255666513614
TAATTGGATTA	0.5819101025937066	0.703014334571699	-0.12110423197799247	-0.1916134606225941	0.1103546328104353	-0.3019680934330294	1.3191437126314425	0.0450611303181901	1.2740825823132524	0.3051099673279105	0.3418497747197868	-0.03673980739187627
TAATTGCATTA	-0.1073541546280448	0.1354397240982117	-0.24279387872625652	-0.14286117802532	0.0782108308062472	-0.2210720088315672	1.3456950644498409	-0.3793761386504222	1.725071203100263	0.1951976895502645	0.3375706914277441	-0.1423730018774796
TAATTCAATTA	-0.4723681556396168	0.1537731073357582	-0.626141262975375	0.0049987376438142	0.3599923861522926	-0.3549936485084784	0.362035147844328	-0.3842871010760223	0.7463222489203503	-0.0726385129526223	0.2154650606748355	-0.2881035736274578
TAATTCTATTA	-0.6203681335569968	-0.1416071335949917	-0.47876099996200516	-0.3702817952003737	-0.0393364612943901	-0.3309453339059836	0.5810707296324373	-0.3074289167809051	0.8884996464133424	-0.7526128294938412	-0.4464775702520882	-0.30613525924175305
TAATTCGATTA	-0.1780159135844744	0.3133622460976942	-0.4913781596821686	-0.3558868012013777	0.120222536843378	-0.47610933804475575	1.424809934111793	-0.1757530039627861	1.6005629380745792	-0.6949543898289428	-0.5343561680215971	-0.16059822180734562
TAATTCCATTA	0.4733251737573181	0.2086665584022049	0.26465861535511315	0.579932861607181	0.2697826307049879	0.3101502309021931	1.5555887565408455	-0.1829994990974461	1.7385882556382917	0.7709966017289941	0.3389048636030334	0.4320917381259607
TAATGAAATTA	-0.3805933107836213	-0.4591544880996429	0.07856117731602158	0.0061043596708032	-0.2347943454287038	0.240898705099507	0.2563127599509451	-1.2281836970056168	1.484496456956562	0.3649520811338513	0.0895960358676601	0.2753560452661912
TAATGATATTA	0.6163132273361152	0.3930314742203719	0.22328175311574328	0.0838546048623776	0.0171280436385606	0.066726561223817	1.2108496185578257	-0.3087967918617149	1.5196464104195406	0.7969952728603007	0.5359053411707839	0.2610899316895168
TAATGAGATTA	1.043397522098379	-0.0047353613788931	1.0481328834772723	0.197518188367453	0.0412676194803018	0.1562505688871512	1.2740862313589425	-0.5786829320911595	1.852769163450102	0.9436550434519164	-0.3098343242415256	1.253489367693442
TAATGACATTA	0.7581002052286111	0.1987916268816028	0.5593085783470083	0.5984694851285335	0.3030477301099127	0.2954217550186208	1.0137715964922005	-0.6916496749989333	1.7054212714911339	1.3726973953677042	0.8800125318170446	0.49268486355065955
TAATGTAATTA	-0.0257085244084662	0.2668902423094613	-0.2925987667179275	0.1848404050935531	0.1381906058600081	0.04664979923354501	1.2144195425070543	0.1744747672847875	1.0399447752222668	0.4543976681296721	0.4954337704308442	-0.041036102301172106
TAATGTTATTA	0.9519177306123392	0.5245004893783581	0.42741724123398106	0.3631072236972995	0.2988108443553586	0.06429637934194088	1.6419259414246767	0.2290685400044765	1.4128574014202002	1.3293028448241797	0.7058529277747662	0.6234499170494135
TAATGTGATTA	1.1992092013786095	0.5100262703330599	0.6891829310455496	0.273234584438735	0.2232569360512313	0.04997764838750371	1.4960749464231302	0.0568101978625074	1.439264748560623	1.0810892128431389	0.3382418957222228	0.742847317120916
TAATGTCATTA	0.9777113175586284	0.5192274146442829	0.4584839029143455	0.528751914653249	0.4747679981687436	0.0539839164845054	1.3305341768804584	-0.08906425232089	1.4195984292013484	1.4531744513740263	1.0484910274065806	0.4046834239674457
TAATGGAATTA	0.7100625855789693	1.0689574827182098	-0.3588948971392405	0.6305000500254564	0.5431060960134029	0.08739395401205352	1.7484503723158848	0.3135885546877939	1.434861817628091	0.8996770067042564	0.7726848375475484	0.12699216915670808
TAATGGTATTA	1.097296695956535	0.8211090163277457	0.2761876796287892	0.5461423641035759	0.372365346960287	0.17377701714328886	2.210807959496928	0.3563452138001746	1.8544627456967535	0.948303176221866	0.5044187381443251	0.44388443807754085
TAATGGGATTA	1.7269060150523947	1.1137849286528985	0.6131210863994963	0.3485671490801299	0.2984382928530153	0.050128856227114604	2.627489448428668	0.7446996955258639	1.8827897529028044	1.124155393708326	0.7484797918154245	0.3756756018929015
TAATGGCATTA	0.8049043827225663	0.5176746350395192	0.2872297476830471	0.4127993560254331	0.2888926226136721	0.123906733411761	2.422938017130768	0.3117272793327953	2.1112107377979727	0.8842179316471442	0.4868256983086812	0.397392233338463
TAATGCAATTA	-0.3402191341990899	-0.0019223868241305	-0.3382967473749594	-0.0087542541388415	0.4422245159623547	-0.4509787701011962	1.0686616197678755	-0.1475552173786609	1.2162168371465365	0.2157907484956034	0.2899593420472983	-0.07416859355169489
TAATGCTATTA	0.6506984859609666	0.0	0.6506984859609666	-0.1644028938302811	0.0	-0.1644028938302811	1.4768276992614011	0.0	1.4768276992614011	0.9977144063031992	0.0	0.9977144063031992
TAATGCGATTA	1.112134725201393	0.1760645201463064	0.9360702050550864	0.2187393772515211	-0.051076014878446	0.2698153921299671	1.926735744925699	0.0361115391172682	1.8906242058084308	0.960964803364636	-0.4092161113984518	1.370180914763088
TAATGCCATTA	0.4791567413196335	0.0521406757834997	0.4270160655361338	0.3987900461827033	0.2246679921424988	0.1741220540402045	2.078991392645735	0.2629094601182069	1.816081932527528	0.8204592062591018	0.3092555160558444	0.5112036902032575
TAATCAAATTA	-0.8772700170781738	-0.7928421619872819	-0.0844278550908919	-0.4029518560876074	-0.5071130299758784	0.10416117388827095	0.1937550711804002	-1.144983672064572	1.3387387432449722	-0.7378823019001262	-0.9805864472192222	0.242704145319096
TAATCATATTA	0.2509465639528576	0.0509565604417133	0.19999000351114427	-0.4080283800532893	-0.3091254752406203	-0.098902904812669	1.09991551561336	-0.1964155252521114	1.2963310408654714	-5.734273808960041e-05	-0.4536014217905247	0.4535440790524351
TAATCAGATTA	0.5987017802881639	-0.0947088359386056	0.6934106162267695	-0.3935470932736258	-0.1792344007057955	-0.2143126925678303	1.2136710608157657	-0.4133735080722069	1.6270445688879727	-0.1390599835411269	-1.110404327315633	0.9713443437745061
TAATCACATTA	0.6137934518584387	-0.1818862855996257	0.7956797374580644	0.1926668900331413	-0.0378745876229279	0.2305414776560692	1.1276495581784	-0.564819169302746	1.692468727481146	0.8058210149515146	-0.0912582364031669	0.8970792513546815
TAATCTAATTA	-0.5512993083020808	-0.1294261061577841	-0.42187320214429674	-0.4060106553830531	-0.0397904349806791	-0.366220220402374	1.1555551175336651	0.0802193547937401	1.075335762739925	-0.8977765516061164	-0.4699362606148501	-0.42784029099126625
TAATCTTATTA	0.9895839972610004	0.485700322792149	0.5038836744688515	0.0598615855696304	0.2319917029592264	-0.172130117389596	1.650738817986009	-0.0031984926212725	1.6539373106072814	0.8385184585854583	-0.0364543897449903	0.8749728483304485
TAATCTGATTA	0.685751545226535	0.533687508091339	0.152064037135196	-0.271591905430517	0.0781974950259904	-0.34978940045650736	1.2573847972318857	-0.0047438893216217	1.2621286865535073	-0.0329959749945561	-0.375789658905115	0.3427936839105589
TAATCTCATTA	0.7999002719086419	0.3913487886810925	0.40855148322754936	0.1880072775150559	0.3035455884010788	-0.11553831088602293	1.376051579122072	-0.1437556886657306	1.5198072677878025	0.7203690705158927	0.1636517507737211	0.5567173197421716
TAATCGAATTA	-0.0055911252499327	-0.033462025959327	0.027870900709394297	-0.3580235495677867	0.2276173093415926	-0.5856408589093793	1.3463107342078413	-0.3339060204905883	1.6802167546984297	-0.5186423171960689	-0.1888179303558831	-0.3298243868401858
TAATCGTATTA	1.0273735642655677	0.3022607715985496	0.7251127926670181	0.0274679233590318	0.1464984679331193	-0.1190305445740875	1.7898551615720253	-0.1113983121810835	1.9012534737531088	0.7523966098456437	-0.1613196489449198	0.9137162587905635
TAATCGGATTA	1.0558866793214796	0.5298720287726864	0.5260146505487933	-0.041367545998329	-0.0516095316526406	0.0102419856543116	1.855427511703803	0.5061547882007639	1.3492727235030393	0.3652468109069544	-0.3356130780550233	0.7008598889619777
TAATCGCATTA	1.0022572729650836	-0.1366513181891841	1.1389085911542678	0.1084682613119021	0.0080756754561115	0.1003925858557906	1.8694418928944103	0.0416075075964639	1.8278343852979464	1.0714113422398104	-0.3104753434403163	1.3818866856801266
TAATCCAATTA	-0.3351941107576168	-0.0284675822742074	-0.30672652848340937	-0.2899200966835425	-0.1947580116107592	-0.09516208507278331	0.7838876456610847	-0.1246379563143882	0.9085256019754729	-0.0607927820540136	-0.162381519085927	0.10158873703191339
TAATCCTATTA	0.7329120700843236	0.1036353630551602	0.6292767070291634	-0.4395487394435783	-0.425581802524732	-0.013966936918846318	1.6159711904191258	0.0520062383078818	1.563964952111244	0.523118452202748	-0.5993572297169654	1.1224756819197133
TAATCCGATTA	0.7921221564628553	0.0486930182237323	0.743429138239123	-0.4997709946470809	-0.4095095652604203	-0.0902614293866606	1.6708287257145569	0.368945124748246	1.3018836009663108	0.1321119823138957	-0.9069929065216092	1.039104888835505
TAATCCCATTA	0.8329143441020592	0.4306483726607762	0.402265971441283	0.0773841053341788	-0.1716320622208798	0.2490161675550586	2.172686376164637	0.1383650086177168	2.0343213675469203	0.7543752119345193	0.1290990891701835	0.6252761227643358
