TAATCAAATTA	-0.0844278550908919	0.1041611738882709	1.3387387432449722	0.242704145319096
TAATTAAATTA	-0.072602816963694	0.227970625981344	1.3251531155354046	0.2598746762066602
TAATTACATTA	-0.1635122697836382	0.2271454975313891	1.577624322983122	0.331465506225164
TAATGGAATTA	-0.3588948971392405	0.0873939540120535	1.434861817628091	0.126992169156708
TAATGATATTA	0.2232817531157432	0.066726561223817	1.5196464104195406	0.2610899316895168
TAATGAAATTA	0.0785611773160215	0.240898705099507	1.484496456956562	0.2753560452661912
TAATTAGATTA	0.0149813552959697	-0.04793794272276	1.535382521837942	0.2271152953929191
TAATCTGATTA	0.152064037135196	-0.3497894004565073	1.2621286865535073	0.3427936839105589
TAATCATATTA	0.1999900035111442	-0.098902904812669	1.2963310408654714	0.4535440790524351
TAATATCATTA	0.2044809524662015	-0.2154813384401293	0.9416746716299376	0.5043332837319281
TAATTCGATTA	-0.4913781596821686	-0.4761093380447557	1.6005629380745792	-0.1605982218073456
TAATTGCATTA	-0.2427938787262565	-0.2210720088315672	1.725071203100263	-0.1423730018774796
TAATCGAATTA	0.0278709007093942	-0.5856408589093793	1.6802167546984297	-0.3298243868401858
TAATCCAATTA	-0.3067265284834093	-0.0951620850727833	0.9085256019754728	0.1015887370319133
TAATGTAATTA	-0.2925987667179275	0.046649799233545	1.0399447752222668	-0.0410361023011721
TAATAAAATTA	-0.0537950736950226	-0.0094908772240337	0.9719658054472768	-0.0377818793899076
TAATGCAATTA	-0.3382967473749594	-0.4509787701011962	1.2162168371465365	-0.0741685935516948
TAATTGGATTA	-0.1211042319779924	-0.3019680934330294	1.2740825823132524	-0.0367398073918762
TAATTTCATTA	-0.5265514127319517	-0.062734545017672	1.0395981822624485	-0.1047371561674643
TAATTATATTA	-0.6203040148788617	-0.145100319121201	0.9874158201928768	-0.0735764854605822
TAATTTAATTA	-0.5804384265310155	0.0960770993310165	0.7172608249739846	0.0648790070151122
TAATACAATTA	-0.6607592985536936	-0.5527441976777504	0.8182829214835753	-0.3819638404686946
TAATATTATTA	-0.5361448959594347	-0.6833558371669123	0.6858157069624591	-0.3463332418632942
TAATTTGATTA	-0.7356113303351024	-0.291014684736539	0.8962910660752159	-0.3404524202538467
TAATTTTATTA	-0.7384189280742806	-0.2278339158015653	0.7521688575510039	-0.3092550133417427
TAATTCAATTA	-0.626141262975375	-0.3549936485084784	0.7463222489203503	-0.2881035736274578
TAATTCTATTA	-0.4787609999620051	-0.3309453339059836	0.8884996464133424	-0.306135259241753
TAATAATATTA	-0.6124773064039334	-0.367317255075157	0.9558637955411048	-0.3911108637796016
TAATCTAATTA	-0.4218732021442967	-0.366220220402374	1.075335762739925	-0.4278402909912662
TAATTGTATTA	-0.6444380783090897	-0.3902022311146729	1.220567056806886	-0.3703255666513614
TAATTGAATTA	-0.7561360964702228	-0.469922688869086	1.1180856743356242	-0.4518712153506908
TAATACTATTA	-0.0776759403742512	-0.5666578223552798	0.917710622007198	0.3556732840378585
TAATATGATTA	-0.1059196723579589	-0.4160185984083142	0.7710394171786963	0.3211945571309253
TAATAGTATTA	-0.1276156262048055	-0.860288309166424	0.9969324557197043	0.0909376272708435
TAATAGAATTA	-0.9617686859798008	-0.8209241748910119	0.6955383173315735	-0.7246519749054285
TAATATAATTA	-1.0746607207350736	-0.6176174527643543	0.2569718662936968	-0.6207363079372497
TAATCAGATTA	0.6934106162267695	-0.2143126925678303	1.6270445688879729	0.971344343774506
TAATGCTATTA	0.6506984859609666	-0.1644028938302811	1.4768276992614011	0.9977144063031992
TAATCCTATTA	0.6292767070291634	-0.0139669369188463	1.563964952111244	1.1224756819197133
TAATCCGATTA	0.743429138239123	-0.0902614293866606	1.3018836009663108	1.039104888835505
TAATCACATTA	0.7956797374580644	0.2305414776560692	1.692468727481146	0.8970792513546815
TAATCGTATTA	0.7251127926670181	-0.1190305445740875	1.9012534737531088	0.9137162587905636
TAATACCATTA	0.4169925917330769	-0.0616492001603909	1.8632252929030184	0.655743649244237
TAATGTTATTA	0.427417241233981	0.0642963793419408	1.4128574014202002	0.6234499170494135
TAATAACATTA	0.3993033548621308	0.0150225804426903	1.5195426880249214	0.5764257076813326
TAATCTCATTA	0.4085514832275493	-0.1155383108860229	1.5198072677878025	0.5567173197421716
TAATGTCATTA	0.4584839029143455	0.0539839164845054	1.4195984292013484	0.4046834239674457
TAATCGGATTA	0.5260146505487933	0.0102419856543116	1.3492727235030393	0.7008598889619777
TAATGTGATTA	0.6891829310455496	0.0499776483875037	1.439264748560623	0.742847317120916
TAATCTTATTA	0.5038836744688515	-0.172130117389596	1.6539373106072814	0.8749728483304485
TAATAGGATTA	0.5372773029809317	-0.2649556382678914	1.4298446981404418	0.8865866191156204
TAATAGCATTA	0.5575919408220766	-0.3658646437701561	1.6689873566128886	0.7234457392189788
TAATACGATTA	0.1842837007998706	-0.2566547222235806	1.579028473614727	0.8114205118475395
TAATCCCATTA	0.402265971441283	0.2490161675550586	2.0343213675469203	0.6252761227643358
TAATGGCATTA	0.2872297476830471	0.123906733411761	2.1112107377979727	0.397392233338463
TAATGCCATTA	0.4270160655361338	0.1741220540402045	1.816081932527528	0.5112036902032575
TAATGGTATTA	0.2761876796287892	0.1737770171432888	1.8544627456967533	0.4438844380775408
TAATTCCATTA	0.2646586153551131	0.3101502309021931	1.7385882556382917	0.4320917381259607
TAATGGGATTA	0.6131210863994963	0.0501288562271146	1.8827897529028044	0.3756756018929015
TAATGACATTA	0.5593085783470083	0.2954217550186208	1.705421271491134	0.4926848635506595
TAATCGCATTA	1.1389085911542678	0.1003925858557906	1.8278343852979464	1.3818866856801266
TAATGAGATTA	1.0481328834772723	0.1562505688871512	1.852769163450102	1.253489367693442
TAATAAGATTA	1.073071452080253	0.2383328476524541	1.7468040111228071	1.3815674376945564
TAATGCGATTA	0.9360702050550864	0.2698153921299671	1.8906242058084308	1.370180914763088
