genotype	rep	gene	p0	p3	p5	p7	p10	p14	p21
wt	1	Crx	8.471038 	6.66156 	6.67069 	5.210111 	5.313127531	5.574922678	6.132370 
wt	2	Crx	8.003223 	6.74084 	6.28901 	4.982304 	5.092901421	5.009896113	5.303747 
wt	3	Crx	8.175591 	6.13777 	6.63006 	5.681327 	5.094154969	5.543354564	5.926696 
wt	4	Crx	7.582545 	6.57737 	5.47057 	5.405380 	4.889623519	4.920684113	5.140516 
wt	5	Crx		7.245034 	5.63943 				6.731101 
wt	6	Crx		6.385239 	6.18233 				6.26891 
wt	7	Crx			6.05850 				6.19986 
ehet	1	Crx	8.616289 	5.882983 	6.45416 	4.552189 	6.032789914	5.818724089	7.078633 
ehet	2	Crx	8.074152 	6.287834 	6.71503 	5.059693 	5.518406351	5.866528583	7.263606 
ehet	3	Crx	7.228626 	5.759479 	6.67030 	5.306414 	5.910177095	5.514703948	6.585662 
ehet	4	Crx	7.906514 	5.598772 	6.31532 	5.942637 	5.8366419		6.756044 
ehet	5	Crx			6.90841 				
ehet	6	Crx		6.966339 	7.18744 				
ehom	1	Crx	8.938044 	6.622993 	5.06439 	5.315212 	5.742631892	6.166362634	7.187567 
ehom	2	Crx	7.967574 	6.723374 	6.12978 	4.903310 	5.666792431	5.186898823	6.733310 
ehom	3	Crx	8.178934 	6.829055 	5.13427 	5.809898 	5.055613229	6.06537077	6.970357 
ehom	4	Crx	8.768800 	5.996599 	5.49296 	5.572186 	5.25985393	6.218706968	7.636269 
ehom	5	Crx			5.29945 				
ehom	6	Crx		6.040226 	5.19712 				
khet	1	Crx	7.011028 	7.059166 	6.11418 	6.43495 	5.845839205	4.625658713	6.379267646
khet	2	Crx	7.042375 	6.558057 	7.03612 	6.85965 	6.135026282	5.940544024	7.110800299
khet	3	Crx	7.436773 	7.119177 		6.345742 	5.38267722	5.570239988	6.661788829
khet	4	Crx	7.150245 	7.410972 	7.04644 	6.476762 	5.222970415	5.850059968	5.661058178
khet	5	Crx		6.516415 	6.76594 				
khet	6	Crx		7.579992 	6.34892 				
khom	1	Crx	7.350014 	5.646613 	5.49663 	3.502555515	6.140998536	6.797974734	6.969775622
khom	2	Crx	7.842543 	5.968656 	5.90569 	4.573879896	5.753889079	5.906277175	7.246452473
khom	3	Crx	7.728479 	6.256700 	5.86775 	5.353644986	5.807138309	6.294185044	7.176489934
khom	4	Crx	7.588110 	6.640067 	5.09209 	5.686729581	6.125146757	6.45796021	6.86287972
khom	5	Crx		7.048374 	7.15823 	6.95189 			
khom	6	Crx		5.631035 	6.69775 	7.39330 			
khom	7	Crx				6.026988434			
khom	8	Crx				5.497475666			
khom	9	Crx				6.254793523			
khom	10	Crx				5.953034629			
wt	1	Nrl	10.07890 	7.66266 	6.72233 	5.868625 	6.691709678	6.523233203	5.312798 
wt	2	Nrl	9.39241 	7.72620 	6.47904 	5.381261 	6.256624567	6.083545519	4.918385 
wt	3	Nrl	9.68368 	7.55647 	6.31647 	5.900931 	6.450159237	6.682265683	5.884413 
wt	4	Nrl	9.18211 	7.68659 	6.01310 	5.823338 	6.350892757	6.2284199	5.365892 
wt	5	Nrl		7.68305 	6.18441 	5.53152 			5.952098 
wt	6	Nrl		7.51361 	6.51152 	6.36423 			5.68584 
wt	7	Nrl			6.31000 				5.66515 
ehet	1	Nrl	9.412556 	7.014695 	6.58935 	6.506865709	7.549580312	6.65243047	6.608026 
ehet	2	Nrl	9.036690 	7.305531 	6.33136 	5.882391347	6.727215131	6.583532889	6.549502 
ehet	3	Nrl	8.180955 	7.688216 	5.76125 	6.411906265	6.862597205	6.389670776	6.166505 
ehet	4	Nrl	7.990326 	7.439255 	5.89882 	6.695751745	6.620595674	6.407717 	6.117132 
ehet	5	Nrl		7.80368 	6.96253 	6.27015 			
ehet	6	Nrl		8.00349 	7.35520 	6.46195 			
ehom	1	Nrl	10.04748 	7.789545 	5.41328 	6.725568354	5.951229608	7.390685054	7.598095 
ehom	2	Nrl	9.54243 	8.390953 	6.39439 	6.27264768	7.544792695	7.108662209	7.237422 
ehom	3	Nrl	9.43552 	9.188021 	5.64903 	6.832719519	7.064612937	7.860480762	7.248879 
ehom	4	Nrl	9.78336 	8.102950 	6.20992 	6.72181463	5.581948094	7.300555507	8.014804 
ehom	5	Nrl		8.00349 	5.40825 	6.31125 			
ehom	6	Nrl		6.72987 	4.83507 	5.94597 			
khet	1	Nrl	8.413933 	6.968075 	6.38762 	6.04060 	7.345429689	7.331098175	7.983980897
khet	2	Nrl	8.559237 	7.301399 	7.12371 	7.01009 	7.391435631	8.018020554	7.788642995
khet	3	Nrl	8.784889 	6.099102 		6.192507 	6.973040201	7.557376223	8.003411982
khet	4	Nrl	8.601208 	8.052452 	7.18330 	6.832284 	6.976974613	7.506044313	7.223881651
khet	5	Nrl		6.51594 	6.55731 	6.844506017	6.69453 		
khet	6	Nrl		7.57170 	5.77815 	6.52755163	6.63148 		
khom	1	Nrl	8.686115 	6.878209 	6.30174 	6.844506017	8.469763767	9.980957686	12.63595536
khom	2	Nrl	8.898039 	7.031602 	6.57975 	6.52755163	8.206231345	9.707666929	12.65042338
khom	3	Nrl	9.180194 	7.170065 	6.83430 	6.983583981	9.738662048	9.018853934	12.40285521
khom	4	Nrl	8.976328 	7.418954 	5.84041 	7.103668386	8.503978114	9.867851415	12.23965837
khom	5	Nrl		8.05122 	7.14794 	6.61039 	7.19816 		
khom	6	Nrl		6.45828 	7.00650 	7.38868 	5.61732 		
khom	7	Nrl				7.266357966			
khom	8	Nrl				6.761674722			
khom	9	Nrl				7.518193617			
khom	10	Nrl				7.34588666			
wt	1	Rho	13.79624 	10.00994 	8.19211 	4.161605068	4.344019935	1.648332554	1.314370 
wt	2	Rho	13.21362 	10.35253 	7.73052 	5.289798136	4.555054512	1.503676987	0.199882 
wt	3	Rho	13.99812 	9.42242 	8.07985 	4.093695854	3.559982299	1.643150112	0.424613 
wt	4	Rho	12.80673 	9.81313 	6.80094 	4.252890589	3.907559067	1.43477945	0.451975 
wt	5	Rho		10.11469 	6.95785 	5.67686 	3.02646 		0.82955 
wt	6	Rho		9.70957 	7.89410 	5.88813 	3.46139 		0.45046 
wt	7	Rho			7.65255 				
ehet	1	Rho	12.86622 	9.61790 	6.99765 	5.478261388	3.423015597	2.254007321	1.605097 
ehet	2	Rho	12.42867 	9.89374 	7.06119 	3.687736838	2.940695506	2.246686758	1.293155 
ehet	3	Rho	11.90157 	9.71598 	8.17626 	4.15857705	3.211864767	1.923255998	1.294145 
ehet	4	Rho	11.94109 	9.63184 	6.80441 	4.468971038	3.632365713	2.364762 	1.401684 
ehet	5	Rho			7.37128 	5.18364 	2.51526 		
ehet	6	Rho			7.76334 	4.91583 	2.01712 		
ehom	1	Rho	14.23556 	11.99499 	7.95830 	5.380284863	4.29005465	3.029457238	3.269331 
ehom	2	Rho	13.19624 	12.13963 	8.30571 	5.249063546	3.492114601	1.568761964	2.746573 
ehom	3	Rho	13.02550 	12.03741 	8.17351 	5.756959726	3.013814055	2.74324753	3.340362 
ehom	4	Rho	13.41131 	11.65071 	7.66891 	5.165304518	4.241550861	2.968206966	2.916817 
ehom	5	Rho		11.11534 	7.26358 	5.73398 	2.49092 		
ehom	6	Rho		10.61274 	7.43294 		3.76532 		
khet	1	Rho	12.42713 	10.71426 	8.90012 	6.73658 	6.031616276	5.685999603	5.926436974
khet	2	Rho	12.21237 	11.00727 	10.11451 	7.44984 	6.947318505	6.321832095	6.044876514
khet	3	Rho	11.72032 	10.86664 		7.108776 	5.582444645	5.90986101	6.043253007
khet	4	Rho	11.57734 	12.54969 	8.84890 	7.067532 	5.835842351	6.041291068	4.771746995
khet	5	Rho		10.03596 	8.96658 		5.68361 		
khet	6	Rho		11.54146 	8.71136 		5.53603 		
khom	1	Rho	13.35158 	12.51008 	12.09829 	10.48981248	14.46600527	16.34405064	15.11668951
khom	2	Rho	13.67015 	12.79579 	12.78792 	11.47754747	13.75961707	14.88783603	15.05023977
khom	3	Rho	12.76631 	13.20301 	11.98053 	11.9443634	11.24306031	15.64695339	14.75695955
khom	4	Rho	12.50515 	11.93767 	12.02663 	12.03709053	12.83158096	14.57089872	14.8730014
khom	5	Rho		15.20409 	13.80952 	11.91230 	14.93469 		
khom	6	Rho		13.64090 	12.96641 	12.65895 	12.97151 		
khom	7	Rho				12.85183939			
khom	8	Rho				12.34336383			
khom	9	Rho				12.41269289			
khom	10	Rho				11.89192709			
wt	1	Rcvrn	11.1168	9.59878 	7.37257 	5.068210 	4.505588 	2.781821 	2.867268 
wt	2	Rcvrn	11.0344	8.89862 	7.00873 	4.821572 	4.131704 	2.221621 	2.681178 
wt	3	Rcvrn	10.8512	8.77509 	7.51096 	4.758717 	5.137322 	2.949115 	2.856338 
wt	4	Rcvrn	10.6222	9.23918 	6.64517 	4.573564 	3.998959 	2.641870 	2.134854 
wt	5	Rcvrn		9.38721 	6.735049 	5.68833 	3.03004 		3.155425 
wt	6	Rcvrn		8.80538 	7.610559 	4.85682 	3.04053 		2.79658 
wt	7	Rcvrn			7.58467 				2.68713 
ehet	1	Rcvrn	11.0638	8.026164 	5.41125 	4.186154 	2.726366 	2.601145 	2.973086 
ehet	2	Rcvrn	10.7305	8.267477 	5.72282 	4.128365 	2.046505 	2.509239 	2.848428 
ehet	3	Rcvrn	9.7523	7.964550 	6.53544 	3.887367 	2.793866 	2.129815 	2.462662 
ehet	4	Rcvrn	10.7322	7.798867 	6.01090 	4.369222 	2.351846 	2.603008 	2.406823 
ehet	5	Rcvrn		9.43181 	6.78616 	4.83305 	2.85688 		
ehet	6	Rcvrn		9.11916 	6.64354 	4.84978 	2.49327 		
ehom	1	Rcvrn	12.5160	9.739751 	6.01455 	4.529582 	2.986171 	2.722294 	2.247730 
ehom	2	Rcvrn	11.5310	9.559143 	6.14809 	4.371203 	3.074029 	2.450762 	2.040202 
ehom	3	Rcvrn	12.0326	9.405321 	6.40502 	4.489337 	2.610951 	2.474709 	2.160189 
ehom	4	Rcvrn	11.5999	9.177060 	6.02775 	4.352489 	2.686671 	2.894028 	1.919178 
ehom	5	Rcvrn		9.35713 	6.11993 	4.64036 	2.62042 		
ehom	6	Rcvrn		9.18691 	6.24323 		2.49189 		
khet	1	Rcvrn	12.2829	9.995062 	8.846377 	8.08567 	5.733421 	4.299240 	3.917310 
khet	2	Rcvrn	12.1474	10.388346 	10.65660 	8.45676 	5.698276 	3.552544 	3.625415 
khet	3	Rcvrn	12.0241	9.468231 		8.108806 	5.846925 	4.206866 	3.987552 
khet	4	Rcvrn	12.3771	11.953129 	8.324509 	8.465939 	6.033376 	4.554516 	3.569030 
khet	5	Rcvrn		10.77682 	9.90563 		5.86870 		
khet	6	Rcvrn		11.90892 	9.92731 		6.13590 		
khom	1	Rcvrn	13.8755	13.773642 	13.4748 	14.29766 	14.76924 	15.02505 	14.80793 
khom	2	Rcvrn	14.4623	13.976191 	14.1376 	13.67052 	14.68213 	14.16188 	15.02979 
khom	3	Rcvrn	12.9571	14.465423 	14.8927 	13.87086 	15.12127 	14.56554 	15.49629 
khom	4	Rcvrn	13.3889	11.481672 	14.6668 	14.16881 	14.52234 	14.53230 	15.24016 
khom	5	Rcvrn		18.38757 	16.3124 	14.76305 	14.85718 		
khom	6	Rcvrn		14.68233 	15.6645 	15.52516 	14.96869 		
khom	7	Rcvrn				14.67207 			
khom	8	Rcvrn				14.80482 			
khom	9	Rcvrn				13.91610 			
khom	10	Rcvrn				13.90479 			
wt	1	Prdm1	6.5050	6.25554 	5.72921	5.782285 	6.743853 		
wt	2	Prdm1	5.4553	5.32621 	5.43286 	5.751863 	6.843858 		
wt	3	Prdm1	6.0347	4.60941 	5.57631 	5.356987 	7.710852 		
wt	4	Prdm1	5.1475	5.79741 	5.42616 	5.536213 	7.138936 		
wt	5	Prdm1		5.30850 	4.80487 	4.64260 	6.21764 		
wt	6	Prdm1		5.30991 	4.72397 	5.52684 	6.28762 		
wt	7	Prdm1			5.17863 				
ehet	1	Prdm1	5.5084	4.295536 	5.94577 	5.481753 	8.41620 		
ehet	2	Prdm1	5.2328	4.677503 	4.91406 	5.468165 	7.43447 		
ehet	3	Prdm1	4.6351	4.021656 	4.38282 	6.323514 	7.94277 		
ehet	4	Prdm1	4.1158	4.021656 	5.11301 	6.738685 	7.55084 		
ehet	5	Prdm1		4.84919 	5.23623 	6.17892 	6.72158 		
ehet	6	Prdm1		4.63130 	5.44608 	5.89748 	7.12767 		
ehom	1	Prdm1	5.7818	3.944844 	4.38034 	6.912408 	9.33946 		
ehom	2	Prdm1	5.2741	4.967392 	4.97011 	6.508308 	7.07256 		
ehom	3	Prdm1	5.1106	5.205062 	4.44912 	7.261281 	8.26872 		
ehom	4	Prdm1	5.4881	4.077839 	5.77337 	6.878218 	9.46507 		
ehom	5	Prdm1		4.97409 	4.48942 	6.23627 	8.74782 		
ehom	6	Prdm1		3.67871 	3.92306 		7.96365 		
khet	1	Prdm1	4.8650	5.504443 	5.05479 	5.89027 	11.57839 		
khet	2	Prdm1	4.5201	6.005698 	6.17685 	7.08511 	12.20358 		
khet	3	Prdm1	4.9167	4.444705 		5.801922 	11.59057 		
khet	4	Prdm1	5.3727	5.390140 	5.38114 	6.304347 	10.74538 		
khet	5	Prdm1		5.00066 	5.51987 		11.71807 		
khet	6	Prdm1		6.37772 	4.71768 		10.59589 		
khom	1	Prdm1	6.0985	5.367448 	5.45879 	5.899863 	7.40922 		
khom	2	Prdm1	5.6486	5.547976 	5.84122 	5.619021 	8.01418 		
khom	3	Prdm1	6.0890	5.418938 	5.37948 	5.647780 	7.67455 		
khom	4	Prdm1	5.8626	5.986807 	4.86878 	5.288753 	7.60560 		
khom	5	Prdm1		5.51860 	5.32102 	5.50556 			
khom	6	Prdm1		4.54627 	5.12374 	5.96464 			
khom	7	Prdm1				6.321326 			
khom	8	Prdm1				6.400458 			
khom	9	Prdm1				6.311210 			
khom	10	Prdm1				6.081884 			
wt	1	Otx2	6.0993	4.51643 	5.292368 	3.660630 	6.719085 	5.48264 	
wt	2	Otx2	6.0578	4.73777 	4.140361 	4.585918 	7.441693 	6.36136 	
wt	3	Otx2	5.5480	4.83342 	4.408402 	2.866596 	6.168059 	6.62350 	
wt	4	Otx2	5.4306	4.29876 	3.488873 	4.176133 	6.699763 	7.15352 	
wt	5	Otx2			3.21065 		5.79195 		
wt	6	Otx2			3.72631 		7.40171 		7.39302 
wt	7	Otx2			3.96120 				6.53038 
ehet	1	Otx2	6.4989	6.281964 	4.513554 	4.055876 	7.049477 	7.47571 	
ehet	2	Otx2	6.1691	7.117048 	5.857850 	4.543331 	6.871498 	6.91350 	
ehet	3	Otx2	5.8222	6.108401 		4.645540 	7.054801 	8.17691 	
ehet	4	Otx2	7.4757	6.509591 	3.752224 	2.802152 	7.213845 	8.16696 	
ehet	5	Otx2		7.97676 	5.05050 				
ehet	6	Otx2		6.02110 	5.08605 				
ehom	1	Otx2	6.8457	8.365260 	4.919038 	4.332744 		8.64260 	
ehom	2	Otx2	5.8691	6.165722 	4.986839 	4.123645 	6.271176 	6.08580 	
ehom	3	Otx2	5.7150	5.902484 	3.373910 	4.349285 	6.319670 	7.07543 	
ehom	4	Otx2	6.0174	6.519202 	4.040109 	4.540216 	6.001225 	8.28573 	
ehom	5	Otx2		5.74214 	5.75510 				
ehom	6	Otx2		5.70287 	5.68306 				
khet	1	Otx2	4.9179	4.075952 	3.71175 	6.21402 	5.194426 	5.950005 	
khet	2	Otx2	5.2506	3.967498 	4.19832 	5.48693 	6.003169 	5.414704 	
khet	3	Otx2	5.2574			5.541267 	4.984800 	6.211539 	
khet	4	Otx2	6.3731	4.111815 	3.71597 	4.800912 	4.777137 	6.670295 	
khet	5	Otx2		5.52372 		3.779577 	5.07518 		
khet	6	Otx2		6.28172 		4.025630 	4.73715 		
khom	1	Otx2	5.1044	3.052857 	2.83842 	4.279138 	5.409392 	6.377312 	
khom	2	Otx2	6.1091	3.777374 	3.19449 		5.637458 	5.799151 	
khom	3	Otx2	5.1728	3.897724 	3.09368 		5.069268 	6.350200 	
khom	4	Otx2	5.5338	4.265929 	3.78135 	3.966477 	5.087603 	6.230318 	
khom	5	Otx2		4.33463 	4.60299 	3.584111 	6.45290 		
khom	6	Otx2		4.66063 	4.05256 	4.394486 			
khom	7	Otx2				3.646495 			
khom	8	Otx2							
khom	9	Otx2							
khom	10	Otx2							
wt	1	Gnat1		14.03675 	11.9421	8.85803003	7.05665597	2.9835434	1.295772122
wt	2	Gnat1		15.69835 	11.6862	9.068762771	7.180171361	1.916634825	1.048503014
wt	3	Gnat1		15.92974 	12.7565	8.967826839	7.057558729	2.342458792	1.203838654
wt	4	Gnat1		14.13686 	11.1874	8.999636125	6.808653867	2.331932459	1.167467051
wt	5	Gnat1			9.7006				1.294117 
wt	6	Gnat1			10.7899				1.12019 
wt	7	Gnat1			10.9415				0.97676 
ehet	1	Gnat1		12.45623 	10.2402		4.348701655	1.961828355	1.754380503
ehet	2	Gnat1		13.06498 	11.1363	7.50348507	4.187404458	2.591510928	1.639018309
ehet	3	Gnat1		13.37815 	12.0337	8.16645172	4.708884077	2.126261374	1.464815674
ehet	4	Gnat1		12.49526 	10.6459	8.148156558	4.359377534	2.277190 	1.450968919
ehet	5	Gnat1							
ehet	6	Gnat1							
ehom	1	Gnat1		12.79516 	9.50887 	7.772657642	3.608044422	2.683350745	3.10297476
ehom	2	Gnat1		14.71079 	10.00207 	7.638061649	3.663215819	2.022276635	2.699269261
ehom	3	Gnat1		14.10653 	9.55470 	8.02297172	3.374265266	2.759586548	3.221369285
ehom	4	Gnat1		15.17166 	9.29976 	7.780521296	3.023253624	3.164009902	2.938481018
ehom	5	Gnat1							
ehom	6	Gnat1							
khet	1	Gnat1		12.685837 	11.14521 		10.72761919	8.899638213	8.773828423
khet	2	Gnat1		12.845907 	12.37971 		11.37339051	9.722281943	8.512112005
khet	3	Gnat1		12.755757 		11.04668 	10.4747938	10.5012739	8.787732287
khet	4	Gnat1		13.815903 	11.16170 	10.67059 	10.57117915	10.6986448	7.248799051
khet	5	Gnat1							
khet	6	Gnat1							
khom	1	Gnat1		14.536235 	13.22268 	13.39062971	13.35841131	15.8357219	16.14823075
khom	2	Gnat1		14.780907 	13.15345 	13.98139645	14.81498155	15.17221853	15.561967
khom	3	Gnat1		14.736083 	13.10326 	14.85187102	14.05284341	15.42215482	16.89009142
khom	4	Gnat1		15.011814 	14.15062 	14.35284448	15.568487	16.5335214	16.84051703
khom	5	Gnat1							
khom	6	Gnat1							
khom	7	Gnat1				14.4997354			
khom	8	Gnat1				14.68817888			
khom	9	Gnat1				14.60637169			
khom	10	Gnat1				14.5440004			
wt	1	Rxrg	10.33953	10.00647 	11.67199 	11.80057 	12.37576 	11.64755 	
wt	2	Rxrg	9.68206	10.52677 	9.91777 	10.21514 	13.60635 	11.60865 	
wt	3	Rxrg	9.78401	10.87575 	10.53760 	10.67689 	11.97492 	11.72717 	
wt	4	Rxrg	9.31396	9.98743 	8.98572 	10.64807 	11.93503 	11.38545 	
wt	5	Rxrg			8.62135 				
wt	6	Rxrg			9.17766 				11.14057 
wt	7	Rxrg			10.15823 				10.49636 
ehet	1	Rxrg	10.99564	11.327402 	9.78217 	9.414308 			
ehet	2	Rxrg	10.64221	13.227690 	12.02204 	9.550665 			
ehet	3	Rxrg	9.77872	10.869808 	12.62265 	9.866736 			
ehet	4	Rxrg	12.05234	11.507971 	9.11741 	9.915250 			
ehet	5	Rxrg				9.214629 			
ehet	6	Rxrg							
ehom	1	Rxrg	11.40134	14.658961 	9.46347 	9.728295 			
ehom	2	Rxrg	10.18861	11.520070 	10.57117 	9.440968 			
ehom	3	Rxrg	10.37231	11.610209 	8.54244 	9.329080 			
ehom	4	Rxrg	11.45514	11.022973 	9.48243 	9.364383 			
ehom	5	Rxrg							
ehom	6	Rxrg							
khet	1	Rxrg	8.70891 	8.405808 	8.26056 		7.415314 	7.748902 	
khet	2	Rxrg	8.98472 	8.713875 	9.40807 		7.431603 	7.686225 	
khet	3	Rxrg	8.75736 	11.251959 		8.330955 	7.004746 	8.579659 	
khet	4	Rxrg	9.06209 	9.392005 	8.56956 	8.361118 	6.937889 	8.634195 	
khet	5	Rxrg							
khet	6	Rxrg							
khom	1	Rxrg	10.00971 	8.655051 	9.48108 	7.876265 	8.415606 	10.57242 	
khom	2	Rxrg	11.79794 	9.238304 	8.84754 	7.535042 	8.423508 	9.99057 	
khom	3	Rxrg	9.86489 	8.806733 	8.23498 	7.473048 	8.488328 	10.24677 	
khom	4	Rxrg	9.77989 	9.067738 	7.46853 	7.763974 	8.628482 	9.96251 	
khom	5	Rxrg							
khom	6	Rxrg							
khom	7	Rxrg				7.941287 			
khom	8	Rxrg				7.964431 			
khom	9	Rxrg				7.808865 			
khom	10	Rxrg				7.727686 			
wt	1	Thrb	11.19180	11.71025 	12.18487 	10.93312 	11.00931 	10.00603 	
wt	2	Thrb	11.37691	11.43872 	12.35728 	10.59447 	10.78549 	9.55761 	
wt	3	Thrb	10.51430	11.10286 	11.28769 	10.55724 	10.58909 	9.87600 	
wt	4	Thrb	11.34003	11.88353 	10.53169 	10.48702 	11.15676 	10.01860 	
wt	5	Thrb			10.07127 				
wt	6	Thrb			10.83412 				10.62963 
wt	7	Thrb			10.81413 				9.93504 
ehet	1	Thrb	12.05365	11.710135 	10.97068 	10.16071 			
ehet	2	Thrb	11.87450	12.187313 	12.25429 	10.82571 			
ehet	3	Thrb	11.15034	11.952282 	12.01293 	10.45966 			
ehet	4	Thrb	11.80780	11.921902 	9.13788 	9.51874 			
ehet	5	Thrb				9.36017 			
ehet	6	Thrb							
ehom	1	Thrb	11.11773	12.239239 	11.03821 	10.84330 			
ehom	2	Thrb	11.18125	12.239693 	11.72034 	10.43004 			
ehom	3	Thrb	10.04116	11.660991 	10.49367 	10.14339 			
ehom	4	Thrb	11.30691	11.639651 	10.15750 	10.07573 			
ehom	5	Thrb							
ehom	6	Thrb							
khet	1	Thrb	10.02181	11.532714 	12.64748 		10.38769 	9.83228 	
khet	2	Thrb	10.74198	11.892385 	11.81917 		11.15415 	9.26642 	
khet	3	Thrb	10.93406	12.091762 		11.54426 	9.95146 	10.16230 	
khet	4	Thrb	10.66531	12.748526 	12.10162 	11.34275 	9.55679 	10.25793 	
khet	5	Thrb							
khet	6	Thrb							
khom	1	Thrb	12.18279	11.781907 	11.77581 	10.94853 	10.79189 	11.45445 	
khom	2	Thrb	12.91203	12.224751 	11.34343 	10.58611 	10.62072 	10.21803 	
khom	3	Thrb	12.66012	12.41412203	11.00961 	11.35904 	10.38934 	10.94954 	
khom	4	Thrb	12.42155	13.52714418	10.27137 	11.78676 	10.52620 	11.06414 	
khom	5	Thrb							
khom	6	Thrb							
khom	7	Thrb				11.36927 			
khom	8	Thrb				11.16231 			
khom	9	Thrb				11.32218 			
khom	10	Thrb				11.18011 			
wt	1	Pde6h	8.359980 	7.04383 	4.75227	4.71180077	4.548482766	3.896203895	
wt	2	Pde6h	8.442642 	6.71545 	5.10418 	4.60707915	4.160124958	4.047438249	5.930702989
wt	3	Pde6h	8.513724 	6.22095 	5.33133 	4.988263374	4.613496866	4.272775431	4.341765036
wt	4	Pde6h	7.630365 	6.72007 	5.25196 	5.37445042	4.594534206	4.090123388	3.730391953
wt	5	Pde6h			4.96712 				3.328748 
wt	6	Pde6h			5.32539 				4.17925 
wt	7	Pde6h			5.18690 				3.87970 
ehet	1	Pde6h	9.584431 	8.773876 	6.36722 	7.464677868	7.65844628	7.686397211	8.488581099
ehet	2	Pde6h	9.623610 	7.190938 	5.87029 	7.527819838	7.76478711	7.408932758	7.983038199
ehet	3	Pde6h	9.642298 	8.582935 	5.66925 	7.478516661	7.644841657	7.575605468	8.00348192
ehet	4	Pde6h	9.305559 	7.780829 	6.45413 	7.21253135	7.29491828	7.230341 	7.888215306
ehet	5	Pde6h				7.537062 			
ehet	6	Pde6h							
ehom	1	Pde6h	11.049626 	10.514122 	11.13448 	12.12773606	11.6880336	12.29923123	11.62374942
ehom	2	Pde6h	11.522886 	11.813362 	10.98016 	12.21023982	12.30992556	12.5057546	11.68038953
ehom	3	Pde6h	11.806371 	11.239062 	11.93579 	11.94495508	11.71652721	12.01331141	11.08753687
ehom	4	Pde6h	11.122148 	11.747666 	11.59848 	12.04742983	12.01297804	11.7789527	11.41394901
ehom	5	Pde6h							
ehom	6	Pde6h							
khet	1	Pde6h	9.761344 	8.690438 	7.13939 		8.021511012	9.7546946	9.792165905
khet	2	Pde6h	10.426060 	8.470740 	9.07427 		8.29851369	9.712600416	
khet	3	Pde6h	10.151174 	6.178340 		7.288744 	8.17662915	8.706456022	9.007545974
khet	4	Pde6h	10.788010 	7.719406 	6.98730 	8.037721 	8.008010836	8.788666422	10.86427357
khet	5	Pde6h							
khet	6	Pde6h							
khom	1	Pde6h	14.763393 	16.928230 	14.09964 	15.8179659	15.55319545	16.70895173	
khom	2	Pde6h	15.026730 		15.46441 	15.52500917		19.93489452	
khom	3	Pde6h	14.966398 	14.732574 	15.70432 	14.90355893	19.80173557	16.37093084	18.80203517
khom	4	Pde6h	15.174800 	15.375184 		16.5556923	18.61710477	17.44096368	18.45510689
khom	5	Pde6h							
khom	6	Pde6h							
khom	7	Pde6h				16.59969175			
khom	8	Pde6h				16.94604975			
khom	9	Pde6h				16.20971345			
khom	10	Pde6h				17.06659928			
wt	1	Arr3		14.95896 	11.73147	10.70633024	11.39956588	9.643831525	8.92737592
wt	2	Arr3		14.87643 	12.38182 	10.66414049	10.60565692	9.473042982	8.627974737
wt	3	Arr3		13.53908 	12.44565 	10.75185038	10.82975662	9.854047041	8.739872857
wt	4	Arr3		14.19589 	11.80297 	11.06236965	11.3838365	9.721781877	8.478164501
wt	5	Arr3			11.56100 				8.196437 
wt	6	Arr3			11.75075 				8.70390 
wt	7	Arr3			11.82066 				8.52221 
ehet	1	Arr3		14.976224 	14.73344 	15.0247	13.07889564	11.9164	12.4763076
ehet	2	Arr3		15.350247 	15.23888 	14.2109	13.19056979	12.1124	11.74412053
ehet	3	Arr3		16.201749 	15.01795 	14.1503	12.92577563	12.0391	12.42075098
ehet	4	Arr3		14.295077 	14.98870 	14.2497	12.97358275	10.7245	12.38115633
ehet	5	Arr3				14.0164			
ehet	6	Arr3							
ehom	1	Arr3		16.073771 	16.82941 	17.49942909	13.86687138	13.73491117	13.6884732
ehom	2	Arr3		17.949032 	17.27907 	17.57917509	15.57027932	13.77538928	13.31491135
ehom	3	Arr3		17.357974 	14.58538 	17.3797781	15.82493925	14.69971744	14.27226873
ehom	4	Arr3		16.105880 	16.65214 	17.21269547	15.18714379	14.084184	13.66665961
ehom	5	Arr3							
ehom	6	Arr3							
khet	1	Arr3		15.201037 	14.08225 		12.87110804	10.6810662	8.814463911
khet	2	Arr3		15.177805 	15.15927 		13.1917346	10.31093035	9.034309555
khet	3	Arr3		14.360127 		14.01893 	12.94005738	10.91817952	9.165173102
khet	4	Arr3		15.516710 	14.88670 	14.41175 	13.29120843	11.10769911	8.417485425
khet	5	Arr3							
khet	6	Arr3							
khom	1	Arr3			15.75826 				
khom	2	Arr3		18.808241 	16.81147 	17.72905766	15.5054855	18.20679061	16.93907045
khom	3	Arr3		16.804334 			16.44788983	16.23373494	
khom	4	Arr3				17.27687708	16.38342519	17.10268717	17.76135171
khom	5	Arr3						15.93914748	17.63959204
khom	6	Arr3							
khom	7	Arr3				17.07739681			
khom	8	Arr3				18.13241735			
khom	9	Arr3				18.16285687			
khom	10	Arr3							
wt	1	Gnat2		9.58489 	9.52004 		7.862535 	6.651424 	
wt	2	Gnat2		9.22424 	9.25868 		8.040898 	6.558097 	
wt	3	Gnat2		8.99081 	9.80870 		7.793747 	6.842117 	
wt	4	Gnat2		9.04580 	8.26941 		8.043495 	6.530463 	
wt	5	Gnat2			8.291598 				
wt	6	Gnat2			8.386705 				6.77598 
wt	7	Gnat2			8.83586 				6.16994 
ehet	1	Gnat2		9.975764 	9.97576 				
ehet	2	Gnat2		9.640665 	9.64067 				
ehet	3	Gnat2		9.325680 	9.32568 				
ehet	4	Gnat2		8.964040 	8.96404 				
ehet	5	Gnat2							
ehet	6	Gnat2							
ehom	1	Gnat2		10.427396 	10.42740 				
ehom	2	Gnat2		10.185572 	10.18557 				
ehom	3	Gnat2		9.988121 	9.98812 				
ehom	4	Gnat2		10.041864 	10.04186 				
ehom	5	Gnat2							
ehom	6	Gnat2							
khet	1	Gnat2		11.223387 	10.70649 		9.386896 	7.05298 	6.56171 
khet	2	Gnat2		11.032515 	11.67828 		9.609279 	7.02197 	6.48428 
khet	3	Gnat2		11.233854 		7.502623 	9.830796 	7.44074 	7.02570 
khet	4	Gnat2		11.139515 	10.71352 	7.860812 	9.859171 	7.54557 	6.39850 
khet	5	Gnat2							
khet	6	Gnat2							
khom	1	Gnat2		10.672763 	10.70777 	8.968516 	8.550665 	8.61400 	9.17615 
khom	2	Gnat2		11.127660 	9.93289 	8.750444 	8.440068 	8.47283 	9.57916 
khom	3	Gnat2		10.708190 	9.70784 	8.812527 	8.546755 	8.24312 	8.87639 
khom	4	Gnat2		9.458551 	9.07570 	8.795157 	8.206042 	8.34808 	9.11635 
khom	5	Gnat2							
khom	6	Gnat2							
khom	7	Gnat2				8.517396 			
khom	8	Gnat2				8.609956 			
khom	9	Gnat2				8.686606 			
khom	10	Gnat2				8.641069 			
wt	1	Vsx2			11.33418 	8.484418 	9.47392 		
wt	2	Vsx2			10.95494 	8.887787 	10.19984 		
wt	3	Vsx2			11.03784 	8.042195 	8.56781 		
wt	4	Vsx2			9.72289 	7.539107 	9.20675 		
wt	5	Vsx2		10.94879 	8.07635 	7.30067 	8.14925 		
wt	6	Vsx2		9.77773 	8.94210 	7.19988 	8.83816 		
wt	7	Vsx2			9.43107 				
ehet	1	Vsx2			10.90978 	6.963393 	10.76843 		
ehet	2	Vsx2			11.87473 	6.746644 	10.17427 		
ehet	3	Vsx2			13.62457 	7.574129 	10.40087 		
ehet	4	Vsx2			10.21135 	8.281981 	10.95415 		
ehet	5	Vsx2		12.06569 	9.64947 	5.75988 			
ehet	6	Vsx2		9.81440 	9.65631 	7.03159 			
ehom	1	Vsx2			8.95526 	7.528786 			
ehom	2	Vsx2			10.56087 	7.006950 	9.343381 		
ehom	3	Vsx2			8.73750 	8.230767 	8.524825 		
ehom	4	Vsx2			9.19222 	7.757643 	8.370535 		
ehom	5	Vsx2		11.26649 	8.73108 	6.40963 			
ehom	6	Vsx2		9.10530 	8.74530 	6.31932 	8.43501 		
khet	1	Vsx2			8.76013 	9.51689 	9.66415 		
khet	2	Vsx2			10.70075 	10.00562 	10.08256 		
khet	3	Vsx2				9.447545 	8.50113 		
khet	4	Vsx2			10.05261 	9.399213 	8.14194 		
khet	5	Vsx2		10.09886 	10.07161 		10.18646 		
khet	6	Vsx2		10.82106 	9.90755 		9.90081 		
khom	1	Vsx2			8.23554 	5.960906 	8.860092 		
khom	2	Vsx2			8.32430 	5.989183 	8.799227 		
khom	3	Vsx2			7.96084 	6.972940 	8.792012 		
khom	4	Vsx2			7.33529 	7.290380 	9.191058 		
khom	5	Vsx2		9.44967 	10.20157 	9.53349 			
khom	6	Vsx2		8.65362 	9.59449 	10.11327 			
khom	7	Vsx2				8.062553 			
khom	8	Vsx2				8.172881 			
khom	9	Vsx2				8.025101 			
khom	10	Vsx2				7.606481 			
wt	1								
wt	2								
wt	3								
wt	4								
wt	5								
wt	6								
wt	7								
ehet	1								
ehet	2								
ehet	3								
ehet	4								
ehet	5								
ehet	6								
ehom	1								
ehom	2								
ehom	3								
ehom	4								
ehom	5								
ehom	6								
khet	1								
khet	2								
khet	3								
khet	4								
khet	5								
khet	6								
khom	1								
khom	2								
khom	3								
khom	4								
khom	5								
khom	6								
khom	7								
khom	8								
khom	9								
khom	10								
